[
  {
    "name": "Process Start",
    "start": 1676996301889,
    "end": 1676996302848,
    "duration": 959,
    "pid": 14884,
    "index": 0
  },
  {
    "name": "Application Start",
    "start": 1676996302849,
    "end": 1676996307073,
    "duration": 4224,
    "pid": 14884,
    "index": 1
  },
  {
    "name": "Load Plugin",
    "start": 1676996302854,
    "end": 1676996302873,
    "duration": 19,
    "pid": 14884,
    "index": 2
  },
  {
    "name": "Load Config",
    "start": 1676996302873,
    "end": 1676996302899,
    "duration": 26,
    "pid": 14884,
    "index": 3
  },
  {
    "name": "Require(0) config/config.default.js",
    "start": 1676996302874,
    "end": 1676996302874,
    "duration": 0,
    "pid": 14884,
    "index": 4
  },
  {
    "name": "Require(1) node_modules/egg-session/config/config.default.js",
    "start": 1676996302876,
    "end": 1676996302876,
    "duration": 0,
    "pid": 14884,
    "index": 5
  },
  {
    "name": "Require(2) node_modules/egg-security/config/config.default.js",
    "start": 1676996302877,
    "end": 1676996302878,
    "duration": 1,
    "pid": 14884,
    "index": 6
  },
  {
    "name": "Require(3) node_modules/egg-jsonp/config/config.default.js",
    "start": 1676996302879,
    "end": 1676996302879,
    "duration": 0,
    "pid": 14884,
    "index": 7
  },
  {
    "name": "Require(4) node_modules/egg-onerror/config/config.default.js",
    "start": 1676996302879,
    "end": 1676996302880,
    "duration": 1,
    "pid": 14884,
    "index": 8
  },
  {
    "name": "Require(5) node_modules/egg-i18n/config/config.default.js",
    "start": 1676996302880,
    "end": 1676996302880,
    "duration": 0,
    "pid": 14884,
    "index": 9
  },
  {
    "name": "Require(6) node_modules/egg-watcher/config/config.default.js",
    "start": 1676996302881,
    "end": 1676996302881,
    "duration": 0,
    "pid": 14884,
    "index": 10
  },
  {
    "name": "Require(7) node_modules/egg-schedule/config/config.default.js",
    "start": 1676996302881,
    "end": 1676996302882,
    "duration": 1,
    "pid": 14884,
    "index": 11
  },
  {
    "name": "Require(8) node_modules/egg-multipart/config/config.default.js",
    "start": 1676996302882,
    "end": 1676996302882,
    "duration": 0,
    "pid": 14884,
    "index": 12
  },
  {
    "name": "Require(9) node_modules/egg-development/config/config.default.js",
    "start": 1676996302883,
    "end": 1676996302884,
    "duration": 1,
    "pid": 14884,
    "index": 13
  },
  {
    "name": "Require(10) node_modules/egg-logrotator/config/config.default.js",
    "start": 1676996302884,
    "end": 1676996302884,
    "duration": 0,
    "pid": 14884,
    "index": 14
  },
  {
    "name": "Require(11) node_modules/egg-static/config/config.default.js",
    "start": 1676996302885,
    "end": 1676996302885,
    "duration": 0,
    "pid": 14884,
    "index": 15
  },
  {
    "name": "Require(12) node_modules/egg-view/config/config.default.js",
    "start": 1676996302885,
    "end": 1676996302886,
    "duration": 1,
    "pid": 14884,
    "index": 16
  },
  {
    "name": "Require(13) node_modules/egg-mysql/config/config.default.js",
    "start": 1676996302888,
    "end": 1676996302888,
    "duration": 0,
    "pid": 14884,
    "index": 17
  },
  {
    "name": "Require(14) node_modules/egg-cors/config/config.default.js",
    "start": 1676996302888,
    "end": 1676996302889,
    "duration": 1,
    "pid": 14884,
    "index": 18
  },
  {
    "name": "Require(15) node_modules/egg-validate/config/config.default.js",
    "start": 1676996302889,
    "end": 1676996302889,
    "duration": 0,
    "pid": 14884,
    "index": 19
  },
  {
    "name": "Require(16) node_modules/egg-jwt/config/config.default.js",
    "start": 1676996302890,
    "end": 1676996302890,
    "duration": 0,
    "pid": 14884,
    "index": 20
  },
  {
    "name": "Require(17) node_modules/egg-swagger-docs/config/config.default.js",
    "start": 1676996302891,
    "end": 1676996302891,
    "duration": 0,
    "pid": 14884,
    "index": 21
  },
  {
    "name": "Require(18) node_modules/egg/config/config.default.js",
    "start": 1676996302892,
    "end": 1676996302892,
    "duration": 0,
    "pid": 14884,
    "index": 22
  },
  {
    "name": "Require(19) config/config.default.js",
    "start": 1676996302893,
    "end": 1676996302893,
    "duration": 0,
    "pid": 14884,
    "index": 23
  },
  {
    "name": "Require(20) node_modules/egg-security/config/config.local.js",
    "start": 1676996302894,
    "end": 1676996302894,
    "duration": 0,
    "pid": 14884,
    "index": 24
  },
  {
    "name": "Require(21) node_modules/egg-watcher/config/config.local.js",
    "start": 1676996302895,
    "end": 1676996302895,
    "duration": 0,
    "pid": 14884,
    "index": 25
  },
  {
    "name": "Require(22) node_modules/egg-view/config/config.local.js",
    "start": 1676996302897,
    "end": 1676996302897,
    "duration": 0,
    "pid": 14884,
    "index": 26
  },
  {
    "name": "Require(23) node_modules/egg/config/config.local.js",
    "start": 1676996302898,
    "end": 1676996302898,
    "duration": 0,
    "pid": 14884,
    "index": 27
  },
  {
    "name": "Load extend/application.js",
    "start": 1676996302899,
    "end": 1676996302951,
    "duration": 52,
    "pid": 14884,
    "index": 28
  },
  {
    "name": "Require(24) node_modules/egg-session/app/extend/application.js",
    "start": 1676996302900,
    "end": 1676996302900,
    "duration": 0,
    "pid": 14884,
    "index": 29
  },
  {
    "name": "Require(25) node_modules/egg-security/app/extend/application.js",
    "start": 1676996302901,
    "end": 1676996302902,
    "duration": 1,
    "pid": 14884,
    "index": 30
  },
  {
    "name": "Require(26) node_modules/egg-jsonp/app/extend/application.js",
    "start": 1676996302902,
    "end": 1676996302904,
    "duration": 2,
    "pid": 14884,
    "index": 31
  },
  {
    "name": "Require(27) node_modules/egg-schedule/app/extend/application.js",
    "start": 1676996302905,
    "end": 1676996302907,
    "duration": 2,
    "pid": 14884,
    "index": 32
  },
  {
    "name": "Require(28) node_modules/egg-logrotator/app/extend/application.js",
    "start": 1676996302908,
    "end": 1676996302910,
    "duration": 2,
    "pid": 14884,
    "index": 33
  },
  {
    "name": "Require(29) node_modules/egg-view/app/extend/application.js",
    "start": 1676996302910,
    "end": 1676996302912,
    "duration": 2,
    "pid": 14884,
    "index": 34
  },
  {
    "name": "Require(30) node_modules/egg-jwt/app/extend/application.js",
    "start": 1676996302913,
    "end": 1676996302947,
    "duration": 34,
    "pid": 14884,
    "index": 35
  },
  {
    "name": "Load extend/request.js",
    "start": 1676996302951,
    "end": 1676996302959,
    "duration": 8,
    "pid": 14884,
    "index": 36
  },
  {
    "name": "Require(31) node_modules/egg/app/extend/request.js",
    "start": 1676996302955,
    "end": 1676996302955,
    "duration": 0,
    "pid": 14884,
    "index": 37
  },
  {
    "name": "Load extend/response.js",
    "start": 1676996302959,
    "end": 1676996302968,
    "duration": 9,
    "pid": 14884,
    "index": 38
  },
  {
    "name": "Require(32) node_modules/egg/app/extend/response.js",
    "start": 1676996302963,
    "end": 1676996302964,
    "duration": 1,
    "pid": 14884,
    "index": 39
  },
  {
    "name": "Load extend/context.js",
    "start": 1676996302968,
    "end": 1676996303008,
    "duration": 40,
    "pid": 14884,
    "index": 40
  },
  {
    "name": "Require(33) node_modules/egg-security/app/extend/context.js",
    "start": 1676996302969,
    "end": 1676996302978,
    "duration": 9,
    "pid": 14884,
    "index": 41
  },
  {
    "name": "Require(34) node_modules/egg-jsonp/app/extend/context.js",
    "start": 1676996302978,
    "end": 1676996302979,
    "duration": 1,
    "pid": 14884,
    "index": 42
  },
  {
    "name": "Require(35) node_modules/egg-i18n/app/extend/context.js",
    "start": 1676996302980,
    "end": 1676996302980,
    "duration": 0,
    "pid": 14884,
    "index": 43
  },
  {
    "name": "Require(36) node_modules/egg-multipart/app/extend/context.js",
    "start": 1676996302981,
    "end": 1676996302997,
    "duration": 16,
    "pid": 14884,
    "index": 44
  },
  {
    "name": "Require(37) node_modules/egg-view/app/extend/context.js",
    "start": 1676996302998,
    "end": 1676996302999,
    "duration": 1,
    "pid": 14884,
    "index": 45
  },
  {
    "name": "Require(38) node_modules/egg-validate/app/extend/context.js",
    "start": 1676996303000,
    "end": 1676996303000,
    "duration": 0,
    "pid": 14884,
    "index": 46
  },
  {
    "name": "Require(39) node_modules/egg-swagger-docs/app/extend/context.js",
    "start": 1676996303000,
    "end": 1676996303003,
    "duration": 3,
    "pid": 14884,
    "index": 47
  },
  {
    "name": "Require(40) node_modules/egg/app/extend/context.js",
    "start": 1676996303003,
    "end": 1676996303004,
    "duration": 1,
    "pid": 14884,
    "index": 48
  },
  {
    "name": "Load extend/helper.js",
    "start": 1676996303008,
    "end": 1676996303031,
    "duration": 23,
    "pid": 14884,
    "index": 49
  },
  {
    "name": "Require(41) node_modules/egg-security/app/extend/helper.js",
    "start": 1676996303009,
    "end": 1676996303024,
    "duration": 15,
    "pid": 14884,
    "index": 50
  },
  {
    "name": "Require(42) node_modules/egg/app/extend/helper.js",
    "start": 1676996303027,
    "end": 1676996303027,
    "duration": 0,
    "pid": 14884,
    "index": 51
  },
  {
    "name": "Load app.js",
    "start": 1676996303031,
    "end": 1676996303094,
    "duration": 63,
    "pid": 14884,
    "index": 52
  },
  {
    "name": "Require(43) node_modules/egg-session/app.js",
    "start": 1676996303032,
    "end": 1676996303032,
    "duration": 0,
    "pid": 14884,
    "index": 53
  },
  {
    "name": "Require(44) node_modules/egg-security/app.js",
    "start": 1676996303032,
    "end": 1676996303034,
    "duration": 2,
    "pid": 14884,
    "index": 54
  },
  {
    "name": "Require(45) node_modules/egg-onerror/app.js",
    "start": 1676996303034,
    "end": 1676996303042,
    "duration": 8,
    "pid": 14884,
    "index": 55
  },
  {
    "name": "Require(46) node_modules/egg-i18n/app.js",
    "start": 1676996303042,
    "end": 1676996303060,
    "duration": 18,
    "pid": 14884,
    "index": 56
  },
  {
    "name": "Require(47) node_modules/egg-watcher/app.js",
    "start": 1676996303060,
    "end": 1676996303063,
    "duration": 3,
    "pid": 14884,
    "index": 57
  },
  {
    "name": "Require(48) node_modules/egg-schedule/app.js",
    "start": 1676996303063,
    "end": 1676996303064,
    "duration": 1,
    "pid": 14884,
    "index": 58
  },
  {
    "name": "Require(49) node_modules/egg-multipart/app.js",
    "start": 1676996303064,
    "end": 1676996303065,
    "duration": 1,
    "pid": 14884,
    "index": 59
  },
  {
    "name": "Require(50) node_modules/egg-development/app.js",
    "start": 1676996303066,
    "end": 1676996303066,
    "duration": 0,
    "pid": 14884,
    "index": 60
  },
  {
    "name": "Require(51) node_modules/egg-logrotator/app.js",
    "start": 1676996303067,
    "end": 1676996303067,
    "duration": 0,
    "pid": 14884,
    "index": 61
  },
  {
    "name": "Require(52) node_modules/egg-static/app.js",
    "start": 1676996303067,
    "end": 1676996303067,
    "duration": 0,
    "pid": 14884,
    "index": 62
  },
  {
    "name": "Require(53) node_modules/egg-mysql/app.js",
    "start": 1676996303068,
    "end": 1676996303077,
    "duration": 9,
    "pid": 14884,
    "index": 63
  },
  {
    "name": "Require(54) node_modules/egg-cors/app.js",
    "start": 1676996303077,
    "end": 1676996303077,
    "duration": 0,
    "pid": 14884,
    "index": 64
  },
  {
    "name": "Require(55) node_modules/egg-validate/app.js",
    "start": 1676996303078,
    "end": 1676996303079,
    "duration": 1,
    "pid": 14884,
    "index": 65
  },
  {
    "name": "Require(56) node_modules/egg-jwt/app.js",
    "start": 1676996303080,
    "end": 1676996303080,
    "duration": 0,
    "pid": 14884,
    "index": 66
  },
  {
    "name": "Require(57) node_modules/egg-swagger-docs/app.js",
    "start": 1676996303080,
    "end": 1676996303093,
    "duration": 13,
    "pid": 14884,
    "index": 67
  },
  {
    "name": "Before Start in node_modules/egg-watcher/lib/init.js:15:14",
    "start": 1676996303106,
    "end": 1676996303344,
    "duration": 238,
    "pid": 14884,
    "index": 68
  },
  {
    "name": "Before Start in node_modules/egg-mysql/lib/mysql.js:14:7",
    "start": 1676996303203,
    "end": 1676996307072,
    "duration": 3869,
    "pid": 14884,
    "index": 69
  },
  {
    "name": "Before Start in node_modules/egg-swagger-docs/app.js:6:7",
    "start": 1676996303203,
    "end": 1676996303335,
    "duration": 132,
    "pid": 14884,
    "index": 70
  },
  {
    "name": "Load Service",
    "start": 1676996303203,
    "end": 1676996303213,
    "duration": 10,
    "pid": 14884,
    "index": 71
  },
  {
    "name": "Load \"service\" to Context",
    "start": 1676996303203,
    "end": 1676996303213,
    "duration": 10,
    "pid": 14884,
    "index": 72
  },
  {
    "name": "Load Middleware",
    "start": 1676996303214,
    "end": 1676996303290,
    "duration": 76,
    "pid": 14884,
    "index": 73
  },
  {
    "name": "Load \"middlewares\" to Application",
    "start": 1676996303214,
    "end": 1676996303283,
    "duration": 69,
    "pid": 14884,
    "index": 74
  },
  {
    "name": "Load Controller",
    "start": 1676996303290,
    "end": 1676996303294,
    "duration": 4,
    "pid": 14884,
    "index": 75
  },
  {
    "name": "Load \"controller\" to Application",
    "start": 1676996303290,
    "end": 1676996303294,
    "duration": 4,
    "pid": 14884,
    "index": 76
  },
  {
    "name": "Load Router",
    "start": 1676996303294,
    "end": 1676996303296,
    "duration": 2,
    "pid": 14884,
    "index": 77
  },
  {
    "name": "Require(58) app/router.js",
    "start": 1676996303295,
    "end": 1676996303295,
    "duration": 0,
    "pid": 14884,
    "index": 78
  },
  {
    "name": "Before Start in node_modules/egg-core/lib/egg.js:304:10",
    "start": 1676996303295,
    "end": 1676996303335,
    "duration": 40,
    "pid": 14884,
    "index": 79
  }
]