[
  {
    "name": "Process Start",
    "start": 1676995882803,
    "end": 1676995883758,
    "duration": 955,
    "pid": 16004,
    "index": 0
  },
  {
    "name": "Application Start",
    "start": 1676995883759,
    "end": 1676995884489,
    "duration": 730,
    "pid": 16004,
    "index": 1
  },
  {
    "name": "Load Plugin",
    "start": 1676995883764,
    "end": 1676995883783,
    "duration": 19,
    "pid": 16004,
    "index": 2
  },
  {
    "name": "Load Config",
    "start": 1676995883783,
    "end": 1676995883807,
    "duration": 24,
    "pid": 16004,
    "index": 3
  },
  {
    "name": "Require(0) config/config.default.js",
    "start": 1676995883784,
    "end": 1676995883784,
    "duration": 0,
    "pid": 16004,
    "index": 4
  },
  {
    "name": "Require(1) node_modules/egg-session/config/config.default.js",
    "start": 1676995883786,
    "end": 1676995883786,
    "duration": 0,
    "pid": 16004,
    "index": 5
  },
  {
    "name": "Require(2) node_modules/egg-security/config/config.default.js",
    "start": 1676995883787,
    "end": 1676995883787,
    "duration": 0,
    "pid": 16004,
    "index": 6
  },
  {
    "name": "Require(3) node_modules/egg-jsonp/config/config.default.js",
    "start": 1676995883788,
    "end": 1676995883788,
    "duration": 0,
    "pid": 16004,
    "index": 7
  },
  {
    "name": "Require(4) node_modules/egg-onerror/config/config.default.js",
    "start": 1676995883789,
    "end": 1676995883789,
    "duration": 0,
    "pid": 16004,
    "index": 8
  },
  {
    "name": "Require(5) node_modules/egg-i18n/config/config.default.js",
    "start": 1676995883789,
    "end": 1676995883790,
    "duration": 1,
    "pid": 16004,
    "index": 9
  },
  {
    "name": "Require(6) node_modules/egg-watcher/config/config.default.js",
    "start": 1676995883790,
    "end": 1676995883790,
    "duration": 0,
    "pid": 16004,
    "index": 10
  },
  {
    "name": "Require(7) node_modules/egg-schedule/config/config.default.js",
    "start": 1676995883791,
    "end": 1676995883791,
    "duration": 0,
    "pid": 16004,
    "index": 11
  },
  {
    "name": "Require(8) node_modules/egg-multipart/config/config.default.js",
    "start": 1676995883792,
    "end": 1676995883792,
    "duration": 0,
    "pid": 16004,
    "index": 12
  },
  {
    "name": "Require(9) node_modules/egg-development/config/config.default.js",
    "start": 1676995883793,
    "end": 1676995883793,
    "duration": 0,
    "pid": 16004,
    "index": 13
  },
  {
    "name": "Require(10) node_modules/egg-logrotator/config/config.default.js",
    "start": 1676995883793,
    "end": 1676995883793,
    "duration": 0,
    "pid": 16004,
    "index": 14
  },
  {
    "name": "Require(11) node_modules/egg-static/config/config.default.js",
    "start": 1676995883794,
    "end": 1676995883794,
    "duration": 0,
    "pid": 16004,
    "index": 15
  },
  {
    "name": "Require(12) node_modules/egg-view/config/config.default.js",
    "start": 1676995883795,
    "end": 1676995883795,
    "duration": 0,
    "pid": 16004,
    "index": 16
  },
  {
    "name": "Require(13) node_modules/egg-mysql/config/config.default.js",
    "start": 1676995883797,
    "end": 1676995883797,
    "duration": 0,
    "pid": 16004,
    "index": 17
  },
  {
    "name": "Require(14) node_modules/egg-cors/config/config.default.js",
    "start": 1676995883798,
    "end": 1676995883798,
    "duration": 0,
    "pid": 16004,
    "index": 18
  },
  {
    "name": "Require(15) node_modules/egg-validate/config/config.default.js",
    "start": 1676995883798,
    "end": 1676995883799,
    "duration": 1,
    "pid": 16004,
    "index": 19
  },
  {
    "name": "Require(16) node_modules/egg-jwt/config/config.default.js",
    "start": 1676995883799,
    "end": 1676995883799,
    "duration": 0,
    "pid": 16004,
    "index": 20
  },
  {
    "name": "Require(17) node_modules/egg-swagger-docs/config/config.default.js",
    "start": 1676995883800,
    "end": 1676995883800,
    "duration": 0,
    "pid": 16004,
    "index": 21
  },
  {
    "name": "Require(18) node_modules/egg/config/config.default.js",
    "start": 1676995883800,
    "end": 1676995883801,
    "duration": 1,
    "pid": 16004,
    "index": 22
  },
  {
    "name": "Require(19) config/config.default.js",
    "start": 1676995883802,
    "end": 1676995883802,
    "duration": 0,
    "pid": 16004,
    "index": 23
  },
  {
    "name": "Require(20) node_modules/egg-security/config/config.local.js",
    "start": 1676995883803,
    "end": 1676995883803,
    "duration": 0,
    "pid": 16004,
    "index": 24
  },
  {
    "name": "Require(21) node_modules/egg-watcher/config/config.local.js",
    "start": 1676995883804,
    "end": 1676995883804,
    "duration": 0,
    "pid": 16004,
    "index": 25
  },
  {
    "name": "Require(22) node_modules/egg-view/config/config.local.js",
    "start": 1676995883805,
    "end": 1676995883806,
    "duration": 1,
    "pid": 16004,
    "index": 26
  },
  {
    "name": "Require(23) node_modules/egg/config/config.local.js",
    "start": 1676995883807,
    "end": 1676995883807,
    "duration": 0,
    "pid": 16004,
    "index": 27
  },
  {
    "name": "Load extend/application.js",
    "start": 1676995883808,
    "end": 1676995883857,
    "duration": 49,
    "pid": 16004,
    "index": 28
  },
  {
    "name": "Require(24) node_modules/egg-session/app/extend/application.js",
    "start": 1676995883809,
    "end": 1676995883809,
    "duration": 0,
    "pid": 16004,
    "index": 29
  },
  {
    "name": "Require(25) node_modules/egg-security/app/extend/application.js",
    "start": 1676995883809,
    "end": 1676995883810,
    "duration": 1,
    "pid": 16004,
    "index": 30
  },
  {
    "name": "Require(26) node_modules/egg-jsonp/app/extend/application.js",
    "start": 1676995883811,
    "end": 1676995883813,
    "duration": 2,
    "pid": 16004,
    "index": 31
  },
  {
    "name": "Require(27) node_modules/egg-schedule/app/extend/application.js",
    "start": 1676995883814,
    "end": 1676995883815,
    "duration": 1,
    "pid": 16004,
    "index": 32
  },
  {
    "name": "Require(28) node_modules/egg-logrotator/app/extend/application.js",
    "start": 1676995883816,
    "end": 1676995883818,
    "duration": 2,
    "pid": 16004,
    "index": 33
  },
  {
    "name": "Require(29) node_modules/egg-view/app/extend/application.js",
    "start": 1676995883819,
    "end": 1676995883820,
    "duration": 1,
    "pid": 16004,
    "index": 34
  },
  {
    "name": "Require(30) node_modules/egg-jwt/app/extend/application.js",
    "start": 1676995883821,
    "end": 1676995883852,
    "duration": 31,
    "pid": 16004,
    "index": 35
  },
  {
    "name": "Load extend/request.js",
    "start": 1676995883857,
    "end": 1676995883865,
    "duration": 8,
    "pid": 16004,
    "index": 36
  },
  {
    "name": "Require(31) node_modules/egg/app/extend/request.js",
    "start": 1676995883860,
    "end": 1676995883861,
    "duration": 1,
    "pid": 16004,
    "index": 37
  },
  {
    "name": "Load extend/response.js",
    "start": 1676995883865,
    "end": 1676995883874,
    "duration": 9,
    "pid": 16004,
    "index": 38
  },
  {
    "name": "Require(32) node_modules/egg/app/extend/response.js",
    "start": 1676995883869,
    "end": 1676995883870,
    "duration": 1,
    "pid": 16004,
    "index": 39
  },
  {
    "name": "Load extend/context.js",
    "start": 1676995883874,
    "end": 1676995883915,
    "duration": 41,
    "pid": 16004,
    "index": 40
  },
  {
    "name": "Require(33) node_modules/egg-security/app/extend/context.js",
    "start": 1676995883874,
    "end": 1676995883883,
    "duration": 9,
    "pid": 16004,
    "index": 41
  },
  {
    "name": "Require(34) node_modules/egg-jsonp/app/extend/context.js",
    "start": 1676995883884,
    "end": 1676995883885,
    "duration": 1,
    "pid": 16004,
    "index": 42
  },
  {
    "name": "Require(35) node_modules/egg-i18n/app/extend/context.js",
    "start": 1676995883886,
    "end": 1676995883886,
    "duration": 0,
    "pid": 16004,
    "index": 43
  },
  {
    "name": "Require(36) node_modules/egg-multipart/app/extend/context.js",
    "start": 1676995883887,
    "end": 1676995883903,
    "duration": 16,
    "pid": 16004,
    "index": 44
  },
  {
    "name": "Require(37) node_modules/egg-view/app/extend/context.js",
    "start": 1676995883904,
    "end": 1676995883905,
    "duration": 1,
    "pid": 16004,
    "index": 45
  },
  {
    "name": "Require(38) node_modules/egg-validate/app/extend/context.js",
    "start": 1676995883906,
    "end": 1676995883907,
    "duration": 1,
    "pid": 16004,
    "index": 46
  },
  {
    "name": "Require(39) node_modules/egg-swagger-docs/app/extend/context.js",
    "start": 1676995883907,
    "end": 1676995883909,
    "duration": 2,
    "pid": 16004,
    "index": 47
  },
  {
    "name": "Require(40) node_modules/egg/app/extend/context.js",
    "start": 1676995883910,
    "end": 1676995883910,
    "duration": 0,
    "pid": 16004,
    "index": 48
  },
  {
    "name": "Load extend/helper.js",
    "start": 1676995883915,
    "end": 1676995883939,
    "duration": 24,
    "pid": 16004,
    "index": 49
  },
  {
    "name": "Require(41) node_modules/egg-security/app/extend/helper.js",
    "start": 1676995883916,
    "end": 1676995883931,
    "duration": 15,
    "pid": 16004,
    "index": 50
  },
  {
    "name": "Require(42) node_modules/egg/app/extend/helper.js",
    "start": 1676995883935,
    "end": 1676995883935,
    "duration": 0,
    "pid": 16004,
    "index": 51
  },
  {
    "name": "Load app.js",
    "start": 1676995883939,
    "end": 1676995884000,
    "duration": 61,
    "pid": 16004,
    "index": 52
  },
  {
    "name": "Require(43) node_modules/egg-session/app.js",
    "start": 1676995883939,
    "end": 1676995883940,
    "duration": 1,
    "pid": 16004,
    "index": 53
  },
  {
    "name": "Require(44) node_modules/egg-security/app.js",
    "start": 1676995883940,
    "end": 1676995883941,
    "duration": 1,
    "pid": 16004,
    "index": 54
  },
  {
    "name": "Require(45) node_modules/egg-onerror/app.js",
    "start": 1676995883942,
    "end": 1676995883950,
    "duration": 8,
    "pid": 16004,
    "index": 55
  },
  {
    "name": "Require(46) node_modules/egg-i18n/app.js",
    "start": 1676995883950,
    "end": 1676995883963,
    "duration": 13,
    "pid": 16004,
    "index": 56
  },
  {
    "name": "Require(47) node_modules/egg-watcher/app.js",
    "start": 1676995883963,
    "end": 1676995883966,
    "duration": 3,
    "pid": 16004,
    "index": 57
  },
  {
    "name": "Require(48) node_modules/egg-schedule/app.js",
    "start": 1676995883967,
    "end": 1676995883967,
    "duration": 0,
    "pid": 16004,
    "index": 58
  },
  {
    "name": "Require(49) node_modules/egg-multipart/app.js",
    "start": 1676995883967,
    "end": 1676995883969,
    "duration": 2,
    "pid": 16004,
    "index": 59
  },
  {
    "name": "Require(50) node_modules/egg-development/app.js",
    "start": 1676995883969,
    "end": 1676995883970,
    "duration": 1,
    "pid": 16004,
    "index": 60
  },
  {
    "name": "Require(51) node_modules/egg-logrotator/app.js",
    "start": 1676995883970,
    "end": 1676995883970,
    "duration": 0,
    "pid": 16004,
    "index": 61
  },
  {
    "name": "Require(52) node_modules/egg-static/app.js",
    "start": 1676995883970,
    "end": 1676995883971,
    "duration": 1,
    "pid": 16004,
    "index": 62
  },
  {
    "name": "Require(53) node_modules/egg-mysql/app.js",
    "start": 1676995883971,
    "end": 1676995883980,
    "duration": 9,
    "pid": 16004,
    "index": 63
  },
  {
    "name": "Require(54) node_modules/egg-cors/app.js",
    "start": 1676995883980,
    "end": 1676995883983,
    "duration": 3,
    "pid": 16004,
    "index": 64
  },
  {
    "name": "Require(55) node_modules/egg-validate/app.js",
    "start": 1676995883983,
    "end": 1676995883985,
    "duration": 2,
    "pid": 16004,
    "index": 65
  },
  {
    "name": "Require(56) node_modules/egg-jwt/app.js",
    "start": 1676995883985,
    "end": 1676995883985,
    "duration": 0,
    "pid": 16004,
    "index": 66
  },
  {
    "name": "Require(57) node_modules/egg-swagger-docs/app.js",
    "start": 1676995883986,
    "end": 1676995883999,
    "duration": 13,
    "pid": 16004,
    "index": 67
  },
  {
    "name": "Before Start in node_modules/egg-watcher/lib/init.js:15:14",
    "start": 1676995884013,
    "end": 1676995884257,
    "duration": 244,
    "pid": 16004,
    "index": 68
  },
  {
    "name": "Before Start in node_modules/egg-mysql/lib/mysql.js:14:7",
    "start": 1676995884104,
    "end": 1676995884489,
    "duration": 385,
    "pid": 16004,
    "index": 69
  },
  {
    "name": "Before Start in node_modules/egg-swagger-docs/app.js:6:7",
    "start": 1676995884105,
    "end": 1676995884242,
    "duration": 137,
    "pid": 16004,
    "index": 70
  },
  {
    "name": "Load Service",
    "start": 1676995884105,
    "end": 1676995884115,
    "duration": 10,
    "pid": 16004,
    "index": 71
  },
  {
    "name": "Load \"service\" to Context",
    "start": 1676995884105,
    "end": 1676995884115,
    "duration": 10,
    "pid": 16004,
    "index": 72
  },
  {
    "name": "Load Middleware",
    "start": 1676995884115,
    "end": 1676995884193,
    "duration": 78,
    "pid": 16004,
    "index": 73
  },
  {
    "name": "Load \"middlewares\" to Application",
    "start": 1676995884115,
    "end": 1676995884185,
    "duration": 70,
    "pid": 16004,
    "index": 74
  },
  {
    "name": "Load Controller",
    "start": 1676995884193,
    "end": 1676995884197,
    "duration": 4,
    "pid": 16004,
    "index": 75
  },
  {
    "name": "Load \"controller\" to Application",
    "start": 1676995884193,
    "end": 1676995884197,
    "duration": 4,
    "pid": 16004,
    "index": 76
  },
  {
    "name": "Load Router",
    "start": 1676995884197,
    "end": 1676995884200,
    "duration": 3,
    "pid": 16004,
    "index": 77
  },
  {
    "name": "Require(58) app/router.js",
    "start": 1676995884198,
    "end": 1676995884198,
    "duration": 0,
    "pid": 16004,
    "index": 78
  },
  {
    "name": "Before Start in node_modules/egg-core/lib/egg.js:304:10",
    "start": 1676995884198,
    "end": 1676995884242,
    "duration": 44,
    "pid": 16004,
    "index": 79
  }
]