[
  {
    "name": "Process Start",
    "start": 1676996005250,
    "end": 1676996006152,
    "duration": 902,
    "pid": 15884,
    "index": 0
  },
  {
    "name": "Application Start",
    "start": 1676996006152,
    "end": 1676996009651,
    "duration": 3499,
    "pid": 15884,
    "index": 1
  },
  {
    "name": "Load Plugin",
    "start": 1676996006157,
    "end": 1676996006176,
    "duration": 19,
    "pid": 15884,
    "index": 2
  },
  {
    "name": "Load Config",
    "start": 1676996006176,
    "end": 1676996006199,
    "duration": 23,
    "pid": 15884,
    "index": 3
  },
  {
    "name": "Require(0) config/config.default.js",
    "start": 1676996006177,
    "end": 1676996006177,
    "duration": 0,
    "pid": 15884,
    "index": 4
  },
  {
    "name": "Require(1) node_modules/egg-session/config/config.default.js",
    "start": 1676996006179,
    "end": 1676996006179,
    "duration": 0,
    "pid": 15884,
    "index": 5
  },
  {
    "name": "Require(2) node_modules/egg-security/config/config.default.js",
    "start": 1676996006179,
    "end": 1676996006180,
    "duration": 1,
    "pid": 15884,
    "index": 6
  },
  {
    "name": "Require(3) node_modules/egg-jsonp/config/config.default.js",
    "start": 1676996006181,
    "end": 1676996006181,
    "duration": 0,
    "pid": 15884,
    "index": 7
  },
  {
    "name": "Require(4) node_modules/egg-onerror/config/config.default.js",
    "start": 1676996006181,
    "end": 1676996006182,
    "duration": 1,
    "pid": 15884,
    "index": 8
  },
  {
    "name": "Require(5) node_modules/egg-i18n/config/config.default.js",
    "start": 1676996006182,
    "end": 1676996006182,
    "duration": 0,
    "pid": 15884,
    "index": 9
  },
  {
    "name": "Require(6) node_modules/egg-watcher/config/config.default.js",
    "start": 1676996006183,
    "end": 1676996006183,
    "duration": 0,
    "pid": 15884,
    "index": 10
  },
  {
    "name": "Require(7) node_modules/egg-schedule/config/config.default.js",
    "start": 1676996006183,
    "end": 1676996006184,
    "duration": 1,
    "pid": 15884,
    "index": 11
  },
  {
    "name": "Require(8) node_modules/egg-multipart/config/config.default.js",
    "start": 1676996006184,
    "end": 1676996006185,
    "duration": 1,
    "pid": 15884,
    "index": 12
  },
  {
    "name": "Require(9) node_modules/egg-development/config/config.default.js",
    "start": 1676996006185,
    "end": 1676996006185,
    "duration": 0,
    "pid": 15884,
    "index": 13
  },
  {
    "name": "Require(10) node_modules/egg-logrotator/config/config.default.js",
    "start": 1676996006186,
    "end": 1676996006186,
    "duration": 0,
    "pid": 15884,
    "index": 14
  },
  {
    "name": "Require(11) node_modules/egg-static/config/config.default.js",
    "start": 1676996006186,
    "end": 1676996006187,
    "duration": 1,
    "pid": 15884,
    "index": 15
  },
  {
    "name": "Require(12) node_modules/egg-view/config/config.default.js",
    "start": 1676996006187,
    "end": 1676996006187,
    "duration": 0,
    "pid": 15884,
    "index": 16
  },
  {
    "name": "Require(13) node_modules/egg-mysql/config/config.default.js",
    "start": 1676996006189,
    "end": 1676996006189,
    "duration": 0,
    "pid": 15884,
    "index": 17
  },
  {
    "name": "Require(14) node_modules/egg-cors/config/config.default.js",
    "start": 1676996006190,
    "end": 1676996006190,
    "duration": 0,
    "pid": 15884,
    "index": 18
  },
  {
    "name": "Require(15) node_modules/egg-validate/config/config.default.js",
    "start": 1676996006191,
    "end": 1676996006191,
    "duration": 0,
    "pid": 15884,
    "index": 19
  },
  {
    "name": "Require(16) node_modules/egg-jwt/config/config.default.js",
    "start": 1676996006191,
    "end": 1676996006192,
    "duration": 1,
    "pid": 15884,
    "index": 20
  },
  {
    "name": "Require(17) node_modules/egg-swagger-docs/config/config.default.js",
    "start": 1676996006192,
    "end": 1676996006192,
    "duration": 0,
    "pid": 15884,
    "index": 21
  },
  {
    "name": "Require(18) node_modules/egg/config/config.default.js",
    "start": 1676996006193,
    "end": 1676996006193,
    "duration": 0,
    "pid": 15884,
    "index": 22
  },
  {
    "name": "Require(19) config/config.default.js",
    "start": 1676996006194,
    "end": 1676996006194,
    "duration": 0,
    "pid": 15884,
    "index": 23
  },
  {
    "name": "Require(20) node_modules/egg-security/config/config.local.js",
    "start": 1676996006195,
    "end": 1676996006195,
    "duration": 0,
    "pid": 15884,
    "index": 24
  },
  {
    "name": "Require(21) node_modules/egg-watcher/config/config.local.js",
    "start": 1676996006196,
    "end": 1676996006196,
    "duration": 0,
    "pid": 15884,
    "index": 25
  },
  {
    "name": "Require(22) node_modules/egg-view/config/config.local.js",
    "start": 1676996006197,
    "end": 1676996006198,
    "duration": 1,
    "pid": 15884,
    "index": 26
  },
  {
    "name": "Require(23) node_modules/egg/config/config.local.js",
    "start": 1676996006199,
    "end": 1676996006199,
    "duration": 0,
    "pid": 15884,
    "index": 27
  },
  {
    "name": "Load extend/application.js",
    "start": 1676996006200,
    "end": 1676996006248,
    "duration": 48,
    "pid": 15884,
    "index": 28
  },
  {
    "name": "Require(24) node_modules/egg-session/app/extend/application.js",
    "start": 1676996006201,
    "end": 1676996006201,
    "duration": 0,
    "pid": 15884,
    "index": 29
  },
  {
    "name": "Require(25) node_modules/egg-security/app/extend/application.js",
    "start": 1676996006201,
    "end": 1676996006203,
    "duration": 2,
    "pid": 15884,
    "index": 30
  },
  {
    "name": "Require(26) node_modules/egg-jsonp/app/extend/application.js",
    "start": 1676996006203,
    "end": 1676996006205,
    "duration": 2,
    "pid": 15884,
    "index": 31
  },
  {
    "name": "Require(27) node_modules/egg-schedule/app/extend/application.js",
    "start": 1676996006206,
    "end": 1676996006207,
    "duration": 1,
    "pid": 15884,
    "index": 32
  },
  {
    "name": "Require(28) node_modules/egg-logrotator/app/extend/application.js",
    "start": 1676996006208,
    "end": 1676996006210,
    "duration": 2,
    "pid": 15884,
    "index": 33
  },
  {
    "name": "Require(29) node_modules/egg-view/app/extend/application.js",
    "start": 1676996006210,
    "end": 1676996006212,
    "duration": 2,
    "pid": 15884,
    "index": 34
  },
  {
    "name": "Require(30) node_modules/egg-jwt/app/extend/application.js",
    "start": 1676996006213,
    "end": 1676996006244,
    "duration": 31,
    "pid": 15884,
    "index": 35
  },
  {
    "name": "Load extend/request.js",
    "start": 1676996006248,
    "end": 1676996006256,
    "duration": 8,
    "pid": 15884,
    "index": 36
  },
  {
    "name": "Require(31) node_modules/egg/app/extend/request.js",
    "start": 1676996006252,
    "end": 1676996006252,
    "duration": 0,
    "pid": 15884,
    "index": 37
  },
  {
    "name": "Load extend/response.js",
    "start": 1676996006256,
    "end": 1676996006264,
    "duration": 8,
    "pid": 15884,
    "index": 38
  },
  {
    "name": "Require(32) node_modules/egg/app/extend/response.js",
    "start": 1676996006259,
    "end": 1676996006261,
    "duration": 2,
    "pid": 15884,
    "index": 39
  },
  {
    "name": "Load extend/context.js",
    "start": 1676996006264,
    "end": 1676996006302,
    "duration": 38,
    "pid": 15884,
    "index": 40
  },
  {
    "name": "Require(33) node_modules/egg-security/app/extend/context.js",
    "start": 1676996006265,
    "end": 1676996006273,
    "duration": 8,
    "pid": 15884,
    "index": 41
  },
  {
    "name": "Require(34) node_modules/egg-jsonp/app/extend/context.js",
    "start": 1676996006273,
    "end": 1676996006275,
    "duration": 2,
    "pid": 15884,
    "index": 42
  },
  {
    "name": "Require(35) node_modules/egg-i18n/app/extend/context.js",
    "start": 1676996006275,
    "end": 1676996006276,
    "duration": 1,
    "pid": 15884,
    "index": 43
  },
  {
    "name": "Require(36) node_modules/egg-multipart/app/extend/context.js",
    "start": 1676996006276,
    "end": 1676996006291,
    "duration": 15,
    "pid": 15884,
    "index": 44
  },
  {
    "name": "Require(37) node_modules/egg-view/app/extend/context.js",
    "start": 1676996006292,
    "end": 1676996006293,
    "duration": 1,
    "pid": 15884,
    "index": 45
  },
  {
    "name": "Require(38) node_modules/egg-validate/app/extend/context.js",
    "start": 1676996006294,
    "end": 1676996006294,
    "duration": 0,
    "pid": 15884,
    "index": 46
  },
  {
    "name": "Require(39) node_modules/egg-swagger-docs/app/extend/context.js",
    "start": 1676996006295,
    "end": 1676996006297,
    "duration": 2,
    "pid": 15884,
    "index": 47
  },
  {
    "name": "Require(40) node_modules/egg/app/extend/context.js",
    "start": 1676996006297,
    "end": 1676996006298,
    "duration": 1,
    "pid": 15884,
    "index": 48
  },
  {
    "name": "Load extend/helper.js",
    "start": 1676996006302,
    "end": 1676996006324,
    "duration": 22,
    "pid": 15884,
    "index": 49
  },
  {
    "name": "Require(41) node_modules/egg-security/app/extend/helper.js",
    "start": 1676996006303,
    "end": 1676996006317,
    "duration": 14,
    "pid": 15884,
    "index": 50
  },
  {
    "name": "Require(42) node_modules/egg/app/extend/helper.js",
    "start": 1676996006320,
    "end": 1676996006320,
    "duration": 0,
    "pid": 15884,
    "index": 51
  },
  {
    "name": "Load app.js",
    "start": 1676996006324,
    "end": 1676996006379,
    "duration": 55,
    "pid": 15884,
    "index": 52
  },
  {
    "name": "Require(43) node_modules/egg-session/app.js",
    "start": 1676996006324,
    "end": 1676996006325,
    "duration": 1,
    "pid": 15884,
    "index": 53
  },
  {
    "name": "Require(44) node_modules/egg-security/app.js",
    "start": 1676996006325,
    "end": 1676996006326,
    "duration": 1,
    "pid": 15884,
    "index": 54
  },
  {
    "name": "Require(45) node_modules/egg-onerror/app.js",
    "start": 1676996006327,
    "end": 1676996006334,
    "duration": 7,
    "pid": 15884,
    "index": 55
  },
  {
    "name": "Require(46) node_modules/egg-i18n/app.js",
    "start": 1676996006334,
    "end": 1676996006348,
    "duration": 14,
    "pid": 15884,
    "index": 56
  },
  {
    "name": "Require(47) node_modules/egg-watcher/app.js",
    "start": 1676996006348,
    "end": 1676996006351,
    "duration": 3,
    "pid": 15884,
    "index": 57
  },
  {
    "name": "Require(48) node_modules/egg-schedule/app.js",
    "start": 1676996006352,
    "end": 1676996006352,
    "duration": 0,
    "pid": 15884,
    "index": 58
  },
  {
    "name": "Require(49) node_modules/egg-multipart/app.js",
    "start": 1676996006352,
    "end": 1676996006353,
    "duration": 1,
    "pid": 15884,
    "index": 59
  },
  {
    "name": "Require(50) node_modules/egg-development/app.js",
    "start": 1676996006354,
    "end": 1676996006354,
    "duration": 0,
    "pid": 15884,
    "index": 60
  },
  {
    "name": "Require(51) node_modules/egg-logrotator/app.js",
    "start": 1676996006354,
    "end": 1676996006354,
    "duration": 0,
    "pid": 15884,
    "index": 61
  },
  {
    "name": "Require(52) node_modules/egg-static/app.js",
    "start": 1676996006355,
    "end": 1676996006355,
    "duration": 0,
    "pid": 15884,
    "index": 62
  },
  {
    "name": "Require(53) node_modules/egg-mysql/app.js",
    "start": 1676996006355,
    "end": 1676996006364,
    "duration": 9,
    "pid": 15884,
    "index": 63
  },
  {
    "name": "Require(54) node_modules/egg-cors/app.js",
    "start": 1676996006364,
    "end": 1676996006364,
    "duration": 0,
    "pid": 15884,
    "index": 64
  },
  {
    "name": "Require(55) node_modules/egg-validate/app.js",
    "start": 1676996006365,
    "end": 1676996006366,
    "duration": 1,
    "pid": 15884,
    "index": 65
  },
  {
    "name": "Require(56) node_modules/egg-jwt/app.js",
    "start": 1676996006366,
    "end": 1676996006366,
    "duration": 0,
    "pid": 15884,
    "index": 66
  },
  {
    "name": "Require(57) node_modules/egg-swagger-docs/app.js",
    "start": 1676996006367,
    "end": 1676996006379,
    "duration": 12,
    "pid": 15884,
    "index": 67
  },
  {
    "name": "Before Start in node_modules/egg-watcher/lib/init.js:15:14",
    "start": 1676996006391,
    "end": 1676996006630,
    "duration": 239,
    "pid": 15884,
    "index": 68
  },
  {
    "name": "Before Start in node_modules/egg-mysql/lib/mysql.js:14:7",
    "start": 1676996006481,
    "end": 1676996009650,
    "duration": 3169,
    "pid": 15884,
    "index": 69
  },
  {
    "name": "Before Start in node_modules/egg-swagger-docs/app.js:6:7",
    "start": 1676996006481,
    "end": 1676996006621,
    "duration": 140,
    "pid": 15884,
    "index": 70
  },
  {
    "name": "Load Service",
    "start": 1676996006481,
    "end": 1676996006491,
    "duration": 10,
    "pid": 15884,
    "index": 71
  },
  {
    "name": "Load \"service\" to Context",
    "start": 1676996006481,
    "end": 1676996006491,
    "duration": 10,
    "pid": 15884,
    "index": 72
  },
  {
    "name": "Load Middleware",
    "start": 1676996006491,
    "end": 1676996006576,
    "duration": 85,
    "pid": 15884,
    "index": 73
  },
  {
    "name": "Load \"middlewares\" to Application",
    "start": 1676996006491,
    "end": 1676996006568,
    "duration": 77,
    "pid": 15884,
    "index": 74
  },
  {
    "name": "Load Controller",
    "start": 1676996006576,
    "end": 1676996006580,
    "duration": 4,
    "pid": 15884,
    "index": 75
  },
  {
    "name": "Load \"controller\" to Application",
    "start": 1676996006576,
    "end": 1676996006580,
    "duration": 4,
    "pid": 15884,
    "index": 76
  },
  {
    "name": "Load Router",
    "start": 1676996006580,
    "end": 1676996006582,
    "duration": 2,
    "pid": 15884,
    "index": 77
  },
  {
    "name": "Require(58) app/router.js",
    "start": 1676996006580,
    "end": 1676996006580,
    "duration": 0,
    "pid": 15884,
    "index": 78
  },
  {
    "name": "Before Start in node_modules/egg-core/lib/egg.js:304:10",
    "start": 1676996006581,
    "end": 1676996006621,
    "duration": 40,
    "pid": 15884,
    "index": 79
  }
]