[
  {
    "name": "Process Start",
    "start": 1676995880474,
    "end": 1676995881379,
    "duration": 905,
    "pid": 14800,
    "index": 0
  },
  {
    "name": "Application Start",
    "start": 1676995881380,
    "end": 1676995882121,
    "duration": 741,
    "pid": 14800,
    "index": 1
  },
  {
    "name": "Load Plugin",
    "start": 1676995881385,
    "end": 1676995881403,
    "duration": 18,
    "pid": 14800,
    "index": 2
  },
  {
    "name": "Load Config",
    "start": 1676995881403,
    "end": 1676995881426,
    "duration": 23,
    "pid": 14800,
    "index": 3
  },
  {
    "name": "Require(0) config/config.default.js",
    "start": 1676995881403,
    "end": 1676995881404,
    "duration": 1,
    "pid": 14800,
    "index": 4
  },
  {
    "name": "Require(1) node_modules/egg-session/config/config.default.js",
    "start": 1676995881405,
    "end": 1676995881405,
    "duration": 0,
    "pid": 14800,
    "index": 5
  },
  {
    "name": "Require(2) node_modules/egg-security/config/config.default.js",
    "start": 1676995881406,
    "end": 1676995881406,
    "duration": 0,
    "pid": 14800,
    "index": 6
  },
  {
    "name": "Require(3) node_modules/egg-jsonp/config/config.default.js",
    "start": 1676995881407,
    "end": 1676995881407,
    "duration": 0,
    "pid": 14800,
    "index": 7
  },
  {
    "name": "Require(4) node_modules/egg-onerror/config/config.default.js",
    "start": 1676995881408,
    "end": 1676995881408,
    "duration": 0,
    "pid": 14800,
    "index": 8
  },
  {
    "name": "Require(5) node_modules/egg-i18n/config/config.default.js",
    "start": 1676995881408,
    "end": 1676995881409,
    "duration": 1,
    "pid": 14800,
    "index": 9
  },
  {
    "name": "Require(6) node_modules/egg-watcher/config/config.default.js",
    "start": 1676995881409,
    "end": 1676995881409,
    "duration": 0,
    "pid": 14800,
    "index": 10
  },
  {
    "name": "Require(7) node_modules/egg-schedule/config/config.default.js",
    "start": 1676995881410,
    "end": 1676995881410,
    "duration": 0,
    "pid": 14800,
    "index": 11
  },
  {
    "name": "Require(8) node_modules/egg-multipart/config/config.default.js",
    "start": 1676995881410,
    "end": 1676995881411,
    "duration": 1,
    "pid": 14800,
    "index": 12
  },
  {
    "name": "Require(9) node_modules/egg-development/config/config.default.js",
    "start": 1676995881411,
    "end": 1676995881412,
    "duration": 1,
    "pid": 14800,
    "index": 13
  },
  {
    "name": "Require(10) node_modules/egg-logrotator/config/config.default.js",
    "start": 1676995881412,
    "end": 1676995881412,
    "duration": 0,
    "pid": 14800,
    "index": 14
  },
  {
    "name": "Require(11) node_modules/egg-static/config/config.default.js",
    "start": 1676995881413,
    "end": 1676995881413,
    "duration": 0,
    "pid": 14800,
    "index": 15
  },
  {
    "name": "Require(12) node_modules/egg-view/config/config.default.js",
    "start": 1676995881414,
    "end": 1676995881414,
    "duration": 0,
    "pid": 14800,
    "index": 16
  },
  {
    "name": "Require(13) node_modules/egg-mysql/config/config.default.js",
    "start": 1676995881416,
    "end": 1676995881416,
    "duration": 0,
    "pid": 14800,
    "index": 17
  },
  {
    "name": "Require(14) node_modules/egg-cors/config/config.default.js",
    "start": 1676995881416,
    "end": 1676995881417,
    "duration": 1,
    "pid": 14800,
    "index": 18
  },
  {
    "name": "Require(15) node_modules/egg-validate/config/config.default.js",
    "start": 1676995881417,
    "end": 1676995881417,
    "duration": 0,
    "pid": 14800,
    "index": 19
  },
  {
    "name": "Require(16) node_modules/egg-jwt/config/config.default.js",
    "start": 1676995881418,
    "end": 1676995881418,
    "duration": 0,
    "pid": 14800,
    "index": 20
  },
  {
    "name": "Require(17) node_modules/egg-swagger-docs/config/config.default.js",
    "start": 1676995881418,
    "end": 1676995881419,
    "duration": 1,
    "pid": 14800,
    "index": 21
  },
  {
    "name": "Require(18) node_modules/egg/config/config.default.js",
    "start": 1676995881419,
    "end": 1676995881420,
    "duration": 1,
    "pid": 14800,
    "index": 22
  },
  {
    "name": "Require(19) config/config.default.js",
    "start": 1676995881421,
    "end": 1676995881421,
    "duration": 0,
    "pid": 14800,
    "index": 23
  },
  {
    "name": "Require(20) node_modules/egg-security/config/config.local.js",
    "start": 1676995881421,
    "end": 1676995881422,
    "duration": 1,
    "pid": 14800,
    "index": 24
  },
  {
    "name": "Require(21) node_modules/egg-watcher/config/config.local.js",
    "start": 1676995881423,
    "end": 1676995881423,
    "duration": 0,
    "pid": 14800,
    "index": 25
  },
  {
    "name": "Require(22) node_modules/egg-view/config/config.local.js",
    "start": 1676995881424,
    "end": 1676995881424,
    "duration": 0,
    "pid": 14800,
    "index": 26
  },
  {
    "name": "Require(23) node_modules/egg/config/config.local.js",
    "start": 1676995881426,
    "end": 1676995881426,
    "duration": 0,
    "pid": 14800,
    "index": 27
  },
  {
    "name": "Load extend/application.js",
    "start": 1676995881427,
    "end": 1676995881475,
    "duration": 48,
    "pid": 14800,
    "index": 28
  },
  {
    "name": "Require(24) node_modules/egg-session/app/extend/application.js",
    "start": 1676995881427,
    "end": 1676995881428,
    "duration": 1,
    "pid": 14800,
    "index": 29
  },
  {
    "name": "Require(25) node_modules/egg-security/app/extend/application.js",
    "start": 1676995881428,
    "end": 1676995881429,
    "duration": 1,
    "pid": 14800,
    "index": 30
  },
  {
    "name": "Require(26) node_modules/egg-jsonp/app/extend/application.js",
    "start": 1676995881430,
    "end": 1676995881431,
    "duration": 1,
    "pid": 14800,
    "index": 31
  },
  {
    "name": "Require(27) node_modules/egg-schedule/app/extend/application.js",
    "start": 1676995881432,
    "end": 1676995881434,
    "duration": 2,
    "pid": 14800,
    "index": 32
  },
  {
    "name": "Require(28) node_modules/egg-logrotator/app/extend/application.js",
    "start": 1676995881435,
    "end": 1676995881437,
    "duration": 2,
    "pid": 14800,
    "index": 33
  },
  {
    "name": "Require(29) node_modules/egg-view/app/extend/application.js",
    "start": 1676995881437,
    "end": 1676995881439,
    "duration": 2,
    "pid": 14800,
    "index": 34
  },
  {
    "name": "Require(30) node_modules/egg-jwt/app/extend/application.js",
    "start": 1676995881440,
    "end": 1676995881471,
    "duration": 31,
    "pid": 14800,
    "index": 35
  },
  {
    "name": "Load extend/request.js",
    "start": 1676995881475,
    "end": 1676995881483,
    "duration": 8,
    "pid": 14800,
    "index": 36
  },
  {
    "name": "Require(31) node_modules/egg/app/extend/request.js",
    "start": 1676995881478,
    "end": 1676995881479,
    "duration": 1,
    "pid": 14800,
    "index": 37
  },
  {
    "name": "Load extend/response.js",
    "start": 1676995881483,
    "end": 1676995881491,
    "duration": 8,
    "pid": 14800,
    "index": 38
  },
  {
    "name": "Require(32) node_modules/egg/app/extend/response.js",
    "start": 1676995881486,
    "end": 1676995881487,
    "duration": 1,
    "pid": 14800,
    "index": 39
  },
  {
    "name": "Load extend/context.js",
    "start": 1676995881491,
    "end": 1676995881529,
    "duration": 38,
    "pid": 14800,
    "index": 40
  },
  {
    "name": "Require(33) node_modules/egg-security/app/extend/context.js",
    "start": 1676995881492,
    "end": 1676995881500,
    "duration": 8,
    "pid": 14800,
    "index": 41
  },
  {
    "name": "Require(34) node_modules/egg-jsonp/app/extend/context.js",
    "start": 1676995881500,
    "end": 1676995881501,
    "duration": 1,
    "pid": 14800,
    "index": 42
  },
  {
    "name": "Require(35) node_modules/egg-i18n/app/extend/context.js",
    "start": 1676995881502,
    "end": 1676995881502,
    "duration": 0,
    "pid": 14800,
    "index": 43
  },
  {
    "name": "Require(36) node_modules/egg-multipart/app/extend/context.js",
    "start": 1676995881503,
    "end": 1676995881517,
    "duration": 14,
    "pid": 14800,
    "index": 44
  },
  {
    "name": "Require(37) node_modules/egg-view/app/extend/context.js",
    "start": 1676995881518,
    "end": 1676995881519,
    "duration": 1,
    "pid": 14800,
    "index": 45
  },
  {
    "name": "Require(38) node_modules/egg-validate/app/extend/context.js",
    "start": 1676995881519,
    "end": 1676995881520,
    "duration": 1,
    "pid": 14800,
    "index": 46
  },
  {
    "name": "Require(39) node_modules/egg-swagger-docs/app/extend/context.js",
    "start": 1676995881520,
    "end": 1676995881524,
    "duration": 4,
    "pid": 14800,
    "index": 47
  },
  {
    "name": "Require(40) node_modules/egg/app/extend/context.js",
    "start": 1676995881524,
    "end": 1676995881525,
    "duration": 1,
    "pid": 14800,
    "index": 48
  },
  {
    "name": "Load extend/helper.js",
    "start": 1676995881529,
    "end": 1676995881551,
    "duration": 22,
    "pid": 14800,
    "index": 49
  },
  {
    "name": "Require(41) node_modules/egg-security/app/extend/helper.js",
    "start": 1676995881530,
    "end": 1676995881544,
    "duration": 14,
    "pid": 14800,
    "index": 50
  },
  {
    "name": "Require(42) node_modules/egg/app/extend/helper.js",
    "start": 1676995881547,
    "end": 1676995881547,
    "duration": 0,
    "pid": 14800,
    "index": 51
  },
  {
    "name": "Load app.js",
    "start": 1676995881551,
    "end": 1676995881608,
    "duration": 57,
    "pid": 14800,
    "index": 52
  },
  {
    "name": "Require(43) node_modules/egg-session/app.js",
    "start": 1676995881552,
    "end": 1676995881552,
    "duration": 0,
    "pid": 14800,
    "index": 53
  },
  {
    "name": "Require(44) node_modules/egg-security/app.js",
    "start": 1676995881552,
    "end": 1676995881554,
    "duration": 2,
    "pid": 14800,
    "index": 54
  },
  {
    "name": "Require(45) node_modules/egg-onerror/app.js",
    "start": 1676995881555,
    "end": 1676995881561,
    "duration": 6,
    "pid": 14800,
    "index": 55
  },
  {
    "name": "Require(46) node_modules/egg-i18n/app.js",
    "start": 1676995881562,
    "end": 1676995881573,
    "duration": 11,
    "pid": 14800,
    "index": 56
  },
  {
    "name": "Require(47) node_modules/egg-watcher/app.js",
    "start": 1676995881574,
    "end": 1676995881576,
    "duration": 2,
    "pid": 14800,
    "index": 57
  },
  {
    "name": "Require(48) node_modules/egg-schedule/app.js",
    "start": 1676995881577,
    "end": 1676995881577,
    "duration": 0,
    "pid": 14800,
    "index": 58
  },
  {
    "name": "Require(49) node_modules/egg-multipart/app.js",
    "start": 1676995881578,
    "end": 1676995881579,
    "duration": 1,
    "pid": 14800,
    "index": 59
  },
  {
    "name": "Require(50) node_modules/egg-development/app.js",
    "start": 1676995881579,
    "end": 1676995881579,
    "duration": 0,
    "pid": 14800,
    "index": 60
  },
  {
    "name": "Require(51) node_modules/egg-logrotator/app.js",
    "start": 1676995881579,
    "end": 1676995881580,
    "duration": 1,
    "pid": 14800,
    "index": 61
  },
  {
    "name": "Require(52) node_modules/egg-static/app.js",
    "start": 1676995881580,
    "end": 1676995881580,
    "duration": 0,
    "pid": 14800,
    "index": 62
  },
  {
    "name": "Require(53) node_modules/egg-mysql/app.js",
    "start": 1676995881581,
    "end": 1676995881591,
    "duration": 10,
    "pid": 14800,
    "index": 63
  },
  {
    "name": "Require(54) node_modules/egg-cors/app.js",
    "start": 1676995881591,
    "end": 1676995881591,
    "duration": 0,
    "pid": 14800,
    "index": 64
  },
  {
    "name": "Require(55) node_modules/egg-validate/app.js",
    "start": 1676995881592,
    "end": 1676995881593,
    "duration": 1,
    "pid": 14800,
    "index": 65
  },
  {
    "name": "Require(56) node_modules/egg-jwt/app.js",
    "start": 1676995881593,
    "end": 1676995881594,
    "duration": 1,
    "pid": 14800,
    "index": 66
  },
  {
    "name": "Require(57) node_modules/egg-swagger-docs/app.js",
    "start": 1676995881594,
    "end": 1676995881607,
    "duration": 13,
    "pid": 14800,
    "index": 67
  },
  {
    "name": "Before Start in node_modules/egg-watcher/lib/init.js:15:14",
    "start": 1676995881622,
    "end": 1676995881848,
    "duration": 226,
    "pid": 14800,
    "index": 68
  },
  {
    "name": "Before Start in node_modules/egg-mysql/lib/mysql.js:14:7",
    "start": 1676995881707,
    "end": 1676995882119,
    "duration": 412,
    "pid": 14800,
    "index": 69
  },
  {
    "name": "Before Start in node_modules/egg-swagger-docs/app.js:6:7",
    "start": 1676995881708,
    "end": 1676995881838,
    "duration": 130,
    "pid": 14800,
    "index": 70
  },
  {
    "name": "Load Service",
    "start": 1676995881708,
    "end": 1676995881717,
    "duration": 9,
    "pid": 14800,
    "index": 71
  },
  {
    "name": "Load \"service\" to Context",
    "start": 1676995881708,
    "end": 1676995881717,
    "duration": 9,
    "pid": 14800,
    "index": 72
  },
  {
    "name": "Load Middleware",
    "start": 1676995881718,
    "end": 1676995881792,
    "duration": 74,
    "pid": 14800,
    "index": 73
  },
  {
    "name": "Load \"middlewares\" to Application",
    "start": 1676995881718,
    "end": 1676995881784,
    "duration": 66,
    "pid": 14800,
    "index": 74
  },
  {
    "name": "Load Controller",
    "start": 1676995881792,
    "end": 1676995881796,
    "duration": 4,
    "pid": 14800,
    "index": 75
  },
  {
    "name": "Load \"controller\" to Application",
    "start": 1676995881792,
    "end": 1676995881796,
    "duration": 4,
    "pid": 14800,
    "index": 76
  },
  {
    "name": "Load Router",
    "start": 1676995881796,
    "end": 1676995881798,
    "duration": 2,
    "pid": 14800,
    "index": 77
  },
  {
    "name": "Require(58) app/router.js",
    "start": 1676995881797,
    "end": 1676995881797,
    "duration": 0,
    "pid": 14800,
    "index": 78
  },
  {
    "name": "Before Start in node_modules/egg-core/lib/egg.js:304:10",
    "start": 1676995881797,
    "end": 1676995881838,
    "duration": 41,
    "pid": 14800,
    "index": 79
  }
]