[
  {
    "name": "Process Start",
    "start": 1676996009685,
    "end": 1676996010614,
    "duration": 929,
    "pid": 15596,
    "index": 0
  },
  {
    "name": "Application Start",
    "start": 1676996010615,
    "end": 1676996011324,
    "duration": 709,
    "pid": 15596,
    "index": 1
  },
  {
    "name": "Load Plugin",
    "start": 1676996010620,
    "end": 1676996010639,
    "duration": 19,
    "pid": 15596,
    "index": 2
  },
  {
    "name": "Load Config",
    "start": 1676996010639,
    "end": 1676996010664,
    "duration": 25,
    "pid": 15596,
    "index": 3
  },
  {
    "name": "Require(0) config/config.default.js",
    "start": 1676996010640,
    "end": 1676996010640,
    "duration": 0,
    "pid": 15596,
    "index": 4
  },
  {
    "name": "Require(1) node_modules/egg-session/config/config.default.js",
    "start": 1676996010641,
    "end": 1676996010642,
    "duration": 1,
    "pid": 15596,
    "index": 5
  },
  {
    "name": "Require(2) node_modules/egg-security/config/config.default.js",
    "start": 1676996010642,
    "end": 1676996010642,
    "duration": 0,
    "pid": 15596,
    "index": 6
  },
  {
    "name": "Require(3) node_modules/egg-jsonp/config/config.default.js",
    "start": 1676996010643,
    "end": 1676996010644,
    "duration": 1,
    "pid": 15596,
    "index": 7
  },
  {
    "name": "Require(4) node_modules/egg-onerror/config/config.default.js",
    "start": 1676996010644,
    "end": 1676996010644,
    "duration": 0,
    "pid": 15596,
    "index": 8
  },
  {
    "name": "Require(5) node_modules/egg-i18n/config/config.default.js",
    "start": 1676996010645,
    "end": 1676996010645,
    "duration": 0,
    "pid": 15596,
    "index": 9
  },
  {
    "name": "Require(6) node_modules/egg-watcher/config/config.default.js",
    "start": 1676996010646,
    "end": 1676996010646,
    "duration": 0,
    "pid": 15596,
    "index": 10
  },
  {
    "name": "Require(7) node_modules/egg-schedule/config/config.default.js",
    "start": 1676996010646,
    "end": 1676996010647,
    "duration": 1,
    "pid": 15596,
    "index": 11
  },
  {
    "name": "Require(8) node_modules/egg-multipart/config/config.default.js",
    "start": 1676996010647,
    "end": 1676996010647,
    "duration": 0,
    "pid": 15596,
    "index": 12
  },
  {
    "name": "Require(9) node_modules/egg-development/config/config.default.js",
    "start": 1676996010648,
    "end": 1676996010648,
    "duration": 0,
    "pid": 15596,
    "index": 13
  },
  {
    "name": "Require(10) node_modules/egg-logrotator/config/config.default.js",
    "start": 1676996010649,
    "end": 1676996010649,
    "duration": 0,
    "pid": 15596,
    "index": 14
  },
  {
    "name": "Require(11) node_modules/egg-static/config/config.default.js",
    "start": 1676996010649,
    "end": 1676996010650,
    "duration": 1,
    "pid": 15596,
    "index": 15
  },
  {
    "name": "Require(12) node_modules/egg-view/config/config.default.js",
    "start": 1676996010650,
    "end": 1676996010651,
    "duration": 1,
    "pid": 15596,
    "index": 16
  },
  {
    "name": "Require(13) node_modules/egg-mysql/config/config.default.js",
    "start": 1676996010652,
    "end": 1676996010653,
    "duration": 1,
    "pid": 15596,
    "index": 17
  },
  {
    "name": "Require(14) node_modules/egg-cors/config/config.default.js",
    "start": 1676996010653,
    "end": 1676996010654,
    "duration": 1,
    "pid": 15596,
    "index": 18
  },
  {
    "name": "Require(15) node_modules/egg-validate/config/config.default.js",
    "start": 1676996010655,
    "end": 1676996010655,
    "duration": 0,
    "pid": 15596,
    "index": 19
  },
  {
    "name": "Require(16) node_modules/egg-jwt/config/config.default.js",
    "start": 1676996010655,
    "end": 1676996010656,
    "duration": 1,
    "pid": 15596,
    "index": 20
  },
  {
    "name": "Require(17) node_modules/egg-swagger-docs/config/config.default.js",
    "start": 1676996010656,
    "end": 1676996010656,
    "duration": 0,
    "pid": 15596,
    "index": 21
  },
  {
    "name": "Require(18) node_modules/egg/config/config.default.js",
    "start": 1676996010657,
    "end": 1676996010657,
    "duration": 0,
    "pid": 15596,
    "index": 22
  },
  {
    "name": "Require(19) config/config.default.js",
    "start": 1676996010658,
    "end": 1676996010658,
    "duration": 0,
    "pid": 15596,
    "index": 23
  },
  {
    "name": "Require(20) node_modules/egg-security/config/config.local.js",
    "start": 1676996010660,
    "end": 1676996010660,
    "duration": 0,
    "pid": 15596,
    "index": 24
  },
  {
    "name": "Require(21) node_modules/egg-watcher/config/config.local.js",
    "start": 1676996010661,
    "end": 1676996010661,
    "duration": 0,
    "pid": 15596,
    "index": 25
  },
  {
    "name": "Require(22) node_modules/egg-view/config/config.local.js",
    "start": 1676996010662,
    "end": 1676996010662,
    "duration": 0,
    "pid": 15596,
    "index": 26
  },
  {
    "name": "Require(23) node_modules/egg/config/config.local.js",
    "start": 1676996010664,
    "end": 1676996010664,
    "duration": 0,
    "pid": 15596,
    "index": 27
  },
  {
    "name": "Load extend/application.js",
    "start": 1676996010665,
    "end": 1676996010713,
    "duration": 48,
    "pid": 15596,
    "index": 28
  },
  {
    "name": "Require(24) node_modules/egg-session/app/extend/application.js",
    "start": 1676996010665,
    "end": 1676996010666,
    "duration": 1,
    "pid": 15596,
    "index": 29
  },
  {
    "name": "Require(25) node_modules/egg-security/app/extend/application.js",
    "start": 1676996010666,
    "end": 1676996010667,
    "duration": 1,
    "pid": 15596,
    "index": 30
  },
  {
    "name": "Require(26) node_modules/egg-jsonp/app/extend/application.js",
    "start": 1676996010668,
    "end": 1676996010670,
    "duration": 2,
    "pid": 15596,
    "index": 31
  },
  {
    "name": "Require(27) node_modules/egg-schedule/app/extend/application.js",
    "start": 1676996010671,
    "end": 1676996010672,
    "duration": 1,
    "pid": 15596,
    "index": 32
  },
  {
    "name": "Require(28) node_modules/egg-logrotator/app/extend/application.js",
    "start": 1676996010673,
    "end": 1676996010675,
    "duration": 2,
    "pid": 15596,
    "index": 33
  },
  {
    "name": "Require(29) node_modules/egg-view/app/extend/application.js",
    "start": 1676996010676,
    "end": 1676996010677,
    "duration": 1,
    "pid": 15596,
    "index": 34
  },
  {
    "name": "Require(30) node_modules/egg-jwt/app/extend/application.js",
    "start": 1676996010678,
    "end": 1676996010709,
    "duration": 31,
    "pid": 15596,
    "index": 35
  },
  {
    "name": "Load extend/request.js",
    "start": 1676996010713,
    "end": 1676996010721,
    "duration": 8,
    "pid": 15596,
    "index": 36
  },
  {
    "name": "Require(31) node_modules/egg/app/extend/request.js",
    "start": 1676996010717,
    "end": 1676996010717,
    "duration": 0,
    "pid": 15596,
    "index": 37
  },
  {
    "name": "Load extend/response.js",
    "start": 1676996010721,
    "end": 1676996010729,
    "duration": 8,
    "pid": 15596,
    "index": 38
  },
  {
    "name": "Require(32) node_modules/egg/app/extend/response.js",
    "start": 1676996010724,
    "end": 1676996010726,
    "duration": 2,
    "pid": 15596,
    "index": 39
  },
  {
    "name": "Load extend/context.js",
    "start": 1676996010729,
    "end": 1676996010767,
    "duration": 38,
    "pid": 15596,
    "index": 40
  },
  {
    "name": "Require(33) node_modules/egg-security/app/extend/context.js",
    "start": 1676996010730,
    "end": 1676996010738,
    "duration": 8,
    "pid": 15596,
    "index": 41
  },
  {
    "name": "Require(34) node_modules/egg-jsonp/app/extend/context.js",
    "start": 1676996010738,
    "end": 1676996010740,
    "duration": 2,
    "pid": 15596,
    "index": 42
  },
  {
    "name": "Require(35) node_modules/egg-i18n/app/extend/context.js",
    "start": 1676996010740,
    "end": 1676996010741,
    "duration": 1,
    "pid": 15596,
    "index": 43
  },
  {
    "name": "Require(36) node_modules/egg-multipart/app/extend/context.js",
    "start": 1676996010741,
    "end": 1676996010756,
    "duration": 15,
    "pid": 15596,
    "index": 44
  },
  {
    "name": "Require(37) node_modules/egg-view/app/extend/context.js",
    "start": 1676996010757,
    "end": 1676996010758,
    "duration": 1,
    "pid": 15596,
    "index": 45
  },
  {
    "name": "Require(38) node_modules/egg-validate/app/extend/context.js",
    "start": 1676996010759,
    "end": 1676996010759,
    "duration": 0,
    "pid": 15596,
    "index": 46
  },
  {
    "name": "Require(39) node_modules/egg-swagger-docs/app/extend/context.js",
    "start": 1676996010759,
    "end": 1676996010761,
    "duration": 2,
    "pid": 15596,
    "index": 47
  },
  {
    "name": "Require(40) node_modules/egg/app/extend/context.js",
    "start": 1676996010762,
    "end": 1676996010762,
    "duration": 0,
    "pid": 15596,
    "index": 48
  },
  {
    "name": "Load extend/helper.js",
    "start": 1676996010767,
    "end": 1676996010788,
    "duration": 21,
    "pid": 15596,
    "index": 49
  },
  {
    "name": "Require(41) node_modules/egg-security/app/extend/helper.js",
    "start": 1676996010767,
    "end": 1676996010782,
    "duration": 15,
    "pid": 15596,
    "index": 50
  },
  {
    "name": "Require(42) node_modules/egg/app/extend/helper.js",
    "start": 1676996010785,
    "end": 1676996010785,
    "duration": 0,
    "pid": 15596,
    "index": 51
  },
  {
    "name": "Load app.js",
    "start": 1676996010788,
    "end": 1676996010845,
    "duration": 57,
    "pid": 15596,
    "index": 52
  },
  {
    "name": "Require(43) node_modules/egg-session/app.js",
    "start": 1676996010789,
    "end": 1676996010789,
    "duration": 0,
    "pid": 15596,
    "index": 53
  },
  {
    "name": "Require(44) node_modules/egg-security/app.js",
    "start": 1676996010789,
    "end": 1676996010791,
    "duration": 2,
    "pid": 15596,
    "index": 54
  },
  {
    "name": "Require(45) node_modules/egg-onerror/app.js",
    "start": 1676996010791,
    "end": 1676996010798,
    "duration": 7,
    "pid": 15596,
    "index": 55
  },
  {
    "name": "Require(46) node_modules/egg-i18n/app.js",
    "start": 1676996010799,
    "end": 1676996010810,
    "duration": 11,
    "pid": 15596,
    "index": 56
  },
  {
    "name": "Require(47) node_modules/egg-watcher/app.js",
    "start": 1676996010810,
    "end": 1676996010813,
    "duration": 3,
    "pid": 15596,
    "index": 57
  },
  {
    "name": "Require(48) node_modules/egg-schedule/app.js",
    "start": 1676996010814,
    "end": 1676996010814,
    "duration": 0,
    "pid": 15596,
    "index": 58
  },
  {
    "name": "Require(49) node_modules/egg-multipart/app.js",
    "start": 1676996010814,
    "end": 1676996010815,
    "duration": 1,
    "pid": 15596,
    "index": 59
  },
  {
    "name": "Require(50) node_modules/egg-development/app.js",
    "start": 1676996010816,
    "end": 1676996010816,
    "duration": 0,
    "pid": 15596,
    "index": 60
  },
  {
    "name": "Require(51) node_modules/egg-logrotator/app.js",
    "start": 1676996010816,
    "end": 1676996010817,
    "duration": 1,
    "pid": 15596,
    "index": 61
  },
  {
    "name": "Require(52) node_modules/egg-static/app.js",
    "start": 1676996010817,
    "end": 1676996010817,
    "duration": 0,
    "pid": 15596,
    "index": 62
  },
  {
    "name": "Require(53) node_modules/egg-mysql/app.js",
    "start": 1676996010818,
    "end": 1676996010829,
    "duration": 11,
    "pid": 15596,
    "index": 63
  },
  {
    "name": "Require(54) node_modules/egg-cors/app.js",
    "start": 1676996010829,
    "end": 1676996010829,
    "duration": 0,
    "pid": 15596,
    "index": 64
  },
  {
    "name": "Require(55) node_modules/egg-validate/app.js",
    "start": 1676996010830,
    "end": 1676996010831,
    "duration": 1,
    "pid": 15596,
    "index": 65
  },
  {
    "name": "Require(56) node_modules/egg-jwt/app.js",
    "start": 1676996010832,
    "end": 1676996010832,
    "duration": 0,
    "pid": 15596,
    "index": 66
  },
  {
    "name": "Require(57) node_modules/egg-swagger-docs/app.js",
    "start": 1676996010832,
    "end": 1676996010844,
    "duration": 12,
    "pid": 15596,
    "index": 67
  },
  {
    "name": "Before Start in node_modules/egg-watcher/lib/init.js:15:14",
    "start": 1676996010857,
    "end": 1676996011098,
    "duration": 241,
    "pid": 15596,
    "index": 68
  },
  {
    "name": "Before Start in node_modules/egg-mysql/lib/mysql.js:14:7",
    "start": 1676996010947,
    "end": 1676996011323,
    "duration": 376,
    "pid": 15596,
    "index": 69
  },
  {
    "name": "Before Start in node_modules/egg-swagger-docs/app.js:6:7",
    "start": 1676996010947,
    "end": 1676996011087,
    "duration": 140,
    "pid": 15596,
    "index": 70
  },
  {
    "name": "Load Service",
    "start": 1676996010947,
    "end": 1676996010957,
    "duration": 10,
    "pid": 15596,
    "index": 71
  },
  {
    "name": "Load \"service\" to Context",
    "start": 1676996010947,
    "end": 1676996010957,
    "duration": 10,
    "pid": 15596,
    "index": 72
  },
  {
    "name": "Load Middleware",
    "start": 1676996010957,
    "end": 1676996011037,
    "duration": 80,
    "pid": 15596,
    "index": 73
  },
  {
    "name": "Load \"middlewares\" to Application",
    "start": 1676996010957,
    "end": 1676996011029,
    "duration": 72,
    "pid": 15596,
    "index": 74
  },
  {
    "name": "Load Controller",
    "start": 1676996011037,
    "end": 1676996011041,
    "duration": 4,
    "pid": 15596,
    "index": 75
  },
  {
    "name": "Load \"controller\" to Application",
    "start": 1676996011037,
    "end": 1676996011041,
    "duration": 4,
    "pid": 15596,
    "index": 76
  },
  {
    "name": "Load Router",
    "start": 1676996011041,
    "end": 1676996011044,
    "duration": 3,
    "pid": 15596,
    "index": 77
  },
  {
    "name": "Require(58) app/router.js",
    "start": 1676996011042,
    "end": 1676996011042,
    "duration": 0,
    "pid": 15596,
    "index": 78
  },
  {
    "name": "Before Start in node_modules/egg-core/lib/egg.js:304:10",
    "start": 1676996011042,
    "end": 1676996011087,
    "duration": 45,
    "pid": 15596,
    "index": 79
  }
]