[
  {
    "name": "Process Start",
    "start": 1676996342165,
    "end": 1676996343058,
    "duration": 893,
    "pid": 2272,
    "index": 0
  },
  {
    "name": "Application Start",
    "start": 1676996343059,
    "end": 1676996351159,
    "duration": 8100,
    "pid": 2272,
    "index": 1
  },
  {
    "name": "Load Plugin",
    "start": 1676996343064,
    "end": 1676996343081,
    "duration": 17,
    "pid": 2272,
    "index": 2
  },
  {
    "name": "Load Config",
    "start": 1676996343081,
    "end": 1676996343108,
    "duration": 27,
    "pid": 2272,
    "index": 3
  },
  {
    "name": "Require(0) config/config.default.js",
    "start": 1676996343082,
    "end": 1676996343082,
    "duration": 0,
    "pid": 2272,
    "index": 4
  },
  {
    "name": "Require(1) node_modules/egg-session/config/config.default.js",
    "start": 1676996343084,
    "end": 1676996343084,
    "duration": 0,
    "pid": 2272,
    "index": 5
  },
  {
    "name": "Require(2) node_modules/egg-security/config/config.default.js",
    "start": 1676996343085,
    "end": 1676996343085,
    "duration": 0,
    "pid": 2272,
    "index": 6
  },
  {
    "name": "Require(3) node_modules/egg-jsonp/config/config.default.js",
    "start": 1676996343086,
    "end": 1676996343086,
    "duration": 0,
    "pid": 2272,
    "index": 7
  },
  {
    "name": "Require(4) node_modules/egg-onerror/config/config.default.js",
    "start": 1676996343087,
    "end": 1676996343087,
    "duration": 0,
    "pid": 2272,
    "index": 8
  },
  {
    "name": "Require(5) node_modules/egg-i18n/config/config.default.js",
    "start": 1676996343088,
    "end": 1676996343088,
    "duration": 0,
    "pid": 2272,
    "index": 9
  },
  {
    "name": "Require(6) node_modules/egg-watcher/config/config.default.js",
    "start": 1676996343088,
    "end": 1676996343089,
    "duration": 1,
    "pid": 2272,
    "index": 10
  },
  {
    "name": "Require(7) node_modules/egg-schedule/config/config.default.js",
    "start": 1676996343089,
    "end": 1676996343089,
    "duration": 0,
    "pid": 2272,
    "index": 11
  },
  {
    "name": "Require(8) node_modules/egg-multipart/config/config.default.js",
    "start": 1676996343090,
    "end": 1676996343090,
    "duration": 0,
    "pid": 2272,
    "index": 12
  },
  {
    "name": "Require(9) node_modules/egg-development/config/config.default.js",
    "start": 1676996343091,
    "end": 1676996343091,
    "duration": 0,
    "pid": 2272,
    "index": 13
  },
  {
    "name": "Require(10) node_modules/egg-logrotator/config/config.default.js",
    "start": 1676996343091,
    "end": 1676996343092,
    "duration": 1,
    "pid": 2272,
    "index": 14
  },
  {
    "name": "Require(11) node_modules/egg-static/config/config.default.js",
    "start": 1676996343092,
    "end": 1676996343093,
    "duration": 1,
    "pid": 2272,
    "index": 15
  },
  {
    "name": "Require(12) node_modules/egg-view/config/config.default.js",
    "start": 1676996343093,
    "end": 1676996343093,
    "duration": 0,
    "pid": 2272,
    "index": 16
  },
  {
    "name": "Require(13) node_modules/egg-mysql/config/config.default.js",
    "start": 1676996343095,
    "end": 1676996343096,
    "duration": 1,
    "pid": 2272,
    "index": 17
  },
  {
    "name": "Require(14) node_modules/egg-cors/config/config.default.js",
    "start": 1676996343096,
    "end": 1676996343097,
    "duration": 1,
    "pid": 2272,
    "index": 18
  },
  {
    "name": "Require(15) node_modules/egg-validate/config/config.default.js",
    "start": 1676996343097,
    "end": 1676996343097,
    "duration": 0,
    "pid": 2272,
    "index": 19
  },
  {
    "name": "Require(16) node_modules/egg-jwt/config/config.default.js",
    "start": 1676996343098,
    "end": 1676996343098,
    "duration": 0,
    "pid": 2272,
    "index": 20
  },
  {
    "name": "Require(17) node_modules/egg-swagger-docs/config/config.default.js",
    "start": 1676996343099,
    "end": 1676996343099,
    "duration": 0,
    "pid": 2272,
    "index": 21
  },
  {
    "name": "Require(18) node_modules/egg/config/config.default.js",
    "start": 1676996343100,
    "end": 1676996343100,
    "duration": 0,
    "pid": 2272,
    "index": 22
  },
  {
    "name": "Require(19) config/config.default.js",
    "start": 1676996343101,
    "end": 1676996343101,
    "duration": 0,
    "pid": 2272,
    "index": 23
  },
  {
    "name": "Require(20) node_modules/egg-security/config/config.local.js",
    "start": 1676996343102,
    "end": 1676996343103,
    "duration": 1,
    "pid": 2272,
    "index": 24
  },
  {
    "name": "Require(21) node_modules/egg-watcher/config/config.local.js",
    "start": 1676996343104,
    "end": 1676996343104,
    "duration": 0,
    "pid": 2272,
    "index": 25
  },
  {
    "name": "Require(22) node_modules/egg-view/config/config.local.js",
    "start": 1676996343106,
    "end": 1676996343106,
    "duration": 0,
    "pid": 2272,
    "index": 26
  },
  {
    "name": "Require(23) node_modules/egg/config/config.local.js",
    "start": 1676996343107,
    "end": 1676996343108,
    "duration": 1,
    "pid": 2272,
    "index": 27
  },
  {
    "name": "Load extend/application.js",
    "start": 1676996343109,
    "end": 1676996343165,
    "duration": 56,
    "pid": 2272,
    "index": 28
  },
  {
    "name": "Require(24) node_modules/egg-session/app/extend/application.js",
    "start": 1676996343109,
    "end": 1676996343110,
    "duration": 1,
    "pid": 2272,
    "index": 29
  },
  {
    "name": "Require(25) node_modules/egg-security/app/extend/application.js",
    "start": 1676996343110,
    "end": 1676996343111,
    "duration": 1,
    "pid": 2272,
    "index": 30
  },
  {
    "name": "Require(26) node_modules/egg-jsonp/app/extend/application.js",
    "start": 1676996343111,
    "end": 1676996343113,
    "duration": 2,
    "pid": 2272,
    "index": 31
  },
  {
    "name": "Require(27) node_modules/egg-schedule/app/extend/application.js",
    "start": 1676996343114,
    "end": 1676996343116,
    "duration": 2,
    "pid": 2272,
    "index": 32
  },
  {
    "name": "Require(28) node_modules/egg-logrotator/app/extend/application.js",
    "start": 1676996343117,
    "end": 1676996343119,
    "duration": 2,
    "pid": 2272,
    "index": 33
  },
  {
    "name": "Require(29) node_modules/egg-view/app/extend/application.js",
    "start": 1676996343120,
    "end": 1676996343121,
    "duration": 1,
    "pid": 2272,
    "index": 34
  },
  {
    "name": "Require(30) node_modules/egg-jwt/app/extend/application.js",
    "start": 1676996343122,
    "end": 1676996343159,
    "duration": 37,
    "pid": 2272,
    "index": 35
  },
  {
    "name": "Load extend/request.js",
    "start": 1676996343165,
    "end": 1676996343176,
    "duration": 11,
    "pid": 2272,
    "index": 36
  },
  {
    "name": "Require(31) node_modules/egg/app/extend/request.js",
    "start": 1676996343171,
    "end": 1676996343172,
    "duration": 1,
    "pid": 2272,
    "index": 37
  },
  {
    "name": "Load extend/response.js",
    "start": 1676996343176,
    "end": 1676996343188,
    "duration": 12,
    "pid": 2272,
    "index": 38
  },
  {
    "name": "Require(32) node_modules/egg/app/extend/response.js",
    "start": 1676996343182,
    "end": 1676996343183,
    "duration": 1,
    "pid": 2272,
    "index": 39
  },
  {
    "name": "Load extend/context.js",
    "start": 1676996343188,
    "end": 1676996343227,
    "duration": 39,
    "pid": 2272,
    "index": 40
  },
  {
    "name": "Require(33) node_modules/egg-security/app/extend/context.js",
    "start": 1676996343188,
    "end": 1676996343197,
    "duration": 9,
    "pid": 2272,
    "index": 41
  },
  {
    "name": "Require(34) node_modules/egg-jsonp/app/extend/context.js",
    "start": 1676996343198,
    "end": 1676996343199,
    "duration": 1,
    "pid": 2272,
    "index": 42
  },
  {
    "name": "Require(35) node_modules/egg-i18n/app/extend/context.js",
    "start": 1676996343200,
    "end": 1676996343200,
    "duration": 0,
    "pid": 2272,
    "index": 43
  },
  {
    "name": "Require(36) node_modules/egg-multipart/app/extend/context.js",
    "start": 1676996343201,
    "end": 1676996343216,
    "duration": 15,
    "pid": 2272,
    "index": 44
  },
  {
    "name": "Require(37) node_modules/egg-view/app/extend/context.js",
    "start": 1676996343217,
    "end": 1676996343218,
    "duration": 1,
    "pid": 2272,
    "index": 45
  },
  {
    "name": "Require(38) node_modules/egg-validate/app/extend/context.js",
    "start": 1676996343219,
    "end": 1676996343219,
    "duration": 0,
    "pid": 2272,
    "index": 46
  },
  {
    "name": "Require(39) node_modules/egg-swagger-docs/app/extend/context.js",
    "start": 1676996343220,
    "end": 1676996343222,
    "duration": 2,
    "pid": 2272,
    "index": 47
  },
  {
    "name": "Require(40) node_modules/egg/app/extend/context.js",
    "start": 1676996343222,
    "end": 1676996343223,
    "duration": 1,
    "pid": 2272,
    "index": 48
  },
  {
    "name": "Load extend/helper.js",
    "start": 1676996343227,
    "end": 1676996343251,
    "duration": 24,
    "pid": 2272,
    "index": 49
  },
  {
    "name": "Require(41) node_modules/egg-security/app/extend/helper.js",
    "start": 1676996343228,
    "end": 1676996343243,
    "duration": 15,
    "pid": 2272,
    "index": 50
  },
  {
    "name": "Require(42) node_modules/egg/app/extend/helper.js",
    "start": 1676996343247,
    "end": 1676996343247,
    "duration": 0,
    "pid": 2272,
    "index": 51
  },
  {
    "name": "Load app.js",
    "start": 1676996343251,
    "end": 1676996343313,
    "duration": 62,
    "pid": 2272,
    "index": 52
  },
  {
    "name": "Require(43) node_modules/egg-session/app.js",
    "start": 1676996343252,
    "end": 1676996343252,
    "duration": 0,
    "pid": 2272,
    "index": 53
  },
  {
    "name": "Require(44) node_modules/egg-security/app.js",
    "start": 1676996343253,
    "end": 1676996343254,
    "duration": 1,
    "pid": 2272,
    "index": 54
  },
  {
    "name": "Require(45) node_modules/egg-onerror/app.js",
    "start": 1676996343255,
    "end": 1676996343263,
    "duration": 8,
    "pid": 2272,
    "index": 55
  },
  {
    "name": "Require(46) node_modules/egg-i18n/app.js",
    "start": 1676996343263,
    "end": 1676996343276,
    "duration": 13,
    "pid": 2272,
    "index": 56
  },
  {
    "name": "Require(47) node_modules/egg-watcher/app.js",
    "start": 1676996343277,
    "end": 1676996343280,
    "duration": 3,
    "pid": 2272,
    "index": 57
  },
  {
    "name": "Require(48) node_modules/egg-schedule/app.js",
    "start": 1676996343281,
    "end": 1676996343281,
    "duration": 0,
    "pid": 2272,
    "index": 58
  },
  {
    "name": "Require(49) node_modules/egg-multipart/app.js",
    "start": 1676996343281,
    "end": 1676996343283,
    "duration": 2,
    "pid": 2272,
    "index": 59
  },
  {
    "name": "Require(50) node_modules/egg-development/app.js",
    "start": 1676996343283,
    "end": 1676996343283,
    "duration": 0,
    "pid": 2272,
    "index": 60
  },
  {
    "name": "Require(51) node_modules/egg-logrotator/app.js",
    "start": 1676996343284,
    "end": 1676996343284,
    "duration": 0,
    "pid": 2272,
    "index": 61
  },
  {
    "name": "Require(52) node_modules/egg-static/app.js",
    "start": 1676996343284,
    "end": 1676996343284,
    "duration": 0,
    "pid": 2272,
    "index": 62
  },
  {
    "name": "Require(53) node_modules/egg-mysql/app.js",
    "start": 1676996343285,
    "end": 1676996343296,
    "duration": 11,
    "pid": 2272,
    "index": 63
  },
  {
    "name": "Require(54) node_modules/egg-cors/app.js",
    "start": 1676996343297,
    "end": 1676996343297,
    "duration": 0,
    "pid": 2272,
    "index": 64
  },
  {
    "name": "Require(55) node_modules/egg-validate/app.js",
    "start": 1676996343297,
    "end": 1676996343299,
    "duration": 2,
    "pid": 2272,
    "index": 65
  },
  {
    "name": "Require(56) node_modules/egg-jwt/app.js",
    "start": 1676996343299,
    "end": 1676996343300,
    "duration": 1,
    "pid": 2272,
    "index": 66
  },
  {
    "name": "Require(57) node_modules/egg-swagger-docs/app.js",
    "start": 1676996343300,
    "end": 1676996343312,
    "duration": 12,
    "pid": 2272,
    "index": 67
  },
  {
    "name": "Before Start in node_modules/egg-watcher/lib/init.js:15:14",
    "start": 1676996343325,
    "end": 1676996343566,
    "duration": 241,
    "pid": 2272,
    "index": 68
  },
  {
    "name": "Before Start in node_modules/egg-mysql/lib/mysql.js:14:7",
    "start": 1676996343412,
    "end": 1676996351158,
    "duration": 7746,
    "pid": 2272,
    "index": 69
  },
  {
    "name": "Before Start in node_modules/egg-swagger-docs/app.js:6:7",
    "start": 1676996343413,
    "end": 1676996343553,
    "duration": 140,
    "pid": 2272,
    "index": 70
  },
  {
    "name": "Load Service",
    "start": 1676996343413,
    "end": 1676996343422,
    "duration": 9,
    "pid": 2272,
    "index": 71
  },
  {
    "name": "Load \"service\" to Context",
    "start": 1676996343413,
    "end": 1676996343422,
    "duration": 9,
    "pid": 2272,
    "index": 72
  },
  {
    "name": "Load Middleware",
    "start": 1676996343422,
    "end": 1676996343496,
    "duration": 74,
    "pid": 2272,
    "index": 73
  },
  {
    "name": "Load \"middlewares\" to Application",
    "start": 1676996343422,
    "end": 1676996343488,
    "duration": 66,
    "pid": 2272,
    "index": 74
  },
  {
    "name": "Load Controller",
    "start": 1676996343496,
    "end": 1676996343502,
    "duration": 6,
    "pid": 2272,
    "index": 75
  },
  {
    "name": "Load \"controller\" to Application",
    "start": 1676996343496,
    "end": 1676996343502,
    "duration": 6,
    "pid": 2272,
    "index": 76
  },
  {
    "name": "Load Router",
    "start": 1676996343502,
    "end": 1676996343504,
    "duration": 2,
    "pid": 2272,
    "index": 77
  },
  {
    "name": "Require(58) app/router.js",
    "start": 1676996343503,
    "end": 1676996343503,
    "duration": 0,
    "pid": 2272,
    "index": 78
  },
  {
    "name": "Before Start in node_modules/egg-core/lib/egg.js:304:10",
    "start": 1676996343503,
    "end": 1676996343553,
    "duration": 50,
    "pid": 2272,
    "index": 79
  }
]