[
  {
    "name": "Process Start",
    "start": 1676995580309,
    "end": 1676995581337,
    "duration": 1028,
    "pid": 17868,
    "index": 0
  },
  {
    "name": "Application Start",
    "start": 1676995581339,
    "end": 1676995582200,
    "duration": 861,
    "pid": 17868,
    "index": 1
  },
  {
    "name": "Load Plugin",
    "start": 1676995581346,
    "end": 1676995581373,
    "duration": 27,
    "pid": 17868,
    "index": 2
  },
  {
    "name": "Load Config",
    "start": 1676995581373,
    "end": 1676995581405,
    "duration": 32,
    "pid": 17868,
    "index": 3
  },
  {
    "name": "Require(0) config/config.default.js",
    "start": 1676995581374,
    "end": 1676995581374,
    "duration": 0,
    "pid": 17868,
    "index": 4
  },
  {
    "name": "Require(1) node_modules/egg-session/config/config.default.js",
    "start": 1676995581376,
    "end": 1676995581376,
    "duration": 0,
    "pid": 17868,
    "index": 5
  },
  {
    "name": "Require(2) node_modules/egg-security/config/config.default.js",
    "start": 1676995581377,
    "end": 1676995581378,
    "duration": 1,
    "pid": 17868,
    "index": 6
  },
  {
    "name": "Require(3) node_modules/egg-jsonp/config/config.default.js",
    "start": 1676995581379,
    "end": 1676995581380,
    "duration": 1,
    "pid": 17868,
    "index": 7
  },
  {
    "name": "Require(4) node_modules/egg-onerror/config/config.default.js",
    "start": 1676995581380,
    "end": 1676995581380,
    "duration": 0,
    "pid": 17868,
    "index": 8
  },
  {
    "name": "Require(5) node_modules/egg-i18n/config/config.default.js",
    "start": 1676995581381,
    "end": 1676995581381,
    "duration": 0,
    "pid": 17868,
    "index": 9
  },
  {
    "name": "Require(6) node_modules/egg-watcher/config/config.default.js",
    "start": 1676995581382,
    "end": 1676995581383,
    "duration": 1,
    "pid": 17868,
    "index": 10
  },
  {
    "name": "Require(7) node_modules/egg-schedule/config/config.default.js",
    "start": 1676995581383,
    "end": 1676995581384,
    "duration": 1,
    "pid": 17868,
    "index": 11
  },
  {
    "name": "Require(8) node_modules/egg-multipart/config/config.default.js",
    "start": 1676995581385,
    "end": 1676995581385,
    "duration": 0,
    "pid": 17868,
    "index": 12
  },
  {
    "name": "Require(9) node_modules/egg-development/config/config.default.js",
    "start": 1676995581386,
    "end": 1676995581386,
    "duration": 0,
    "pid": 17868,
    "index": 13
  },
  {
    "name": "Require(10) node_modules/egg-logrotator/config/config.default.js",
    "start": 1676995581387,
    "end": 1676995581387,
    "duration": 0,
    "pid": 17868,
    "index": 14
  },
  {
    "name": "Require(11) node_modules/egg-static/config/config.default.js",
    "start": 1676995581387,
    "end": 1676995581388,
    "duration": 1,
    "pid": 17868,
    "index": 15
  },
  {
    "name": "Require(12) node_modules/egg-view/config/config.default.js",
    "start": 1676995581388,
    "end": 1676995581389,
    "duration": 1,
    "pid": 17868,
    "index": 16
  },
  {
    "name": "Require(13) node_modules/egg-mysql/config/config.default.js",
    "start": 1676995581391,
    "end": 1676995581392,
    "duration": 1,
    "pid": 17868,
    "index": 17
  },
  {
    "name": "Require(14) node_modules/egg-cors/config/config.default.js",
    "start": 1676995581392,
    "end": 1676995581393,
    "duration": 1,
    "pid": 17868,
    "index": 18
  },
  {
    "name": "Require(15) node_modules/egg-validate/config/config.default.js",
    "start": 1676995581393,
    "end": 1676995581394,
    "duration": 1,
    "pid": 17868,
    "index": 19
  },
  {
    "name": "Require(16) node_modules/egg-jwt/config/config.default.js",
    "start": 1676995581394,
    "end": 1676995581394,
    "duration": 0,
    "pid": 17868,
    "index": 20
  },
  {
    "name": "Require(17) node_modules/egg-swagger-docs/config/config.default.js",
    "start": 1676995581395,
    "end": 1676995581395,
    "duration": 0,
    "pid": 17868,
    "index": 21
  },
  {
    "name": "Require(18) node_modules/egg/config/config.default.js",
    "start": 1676995581396,
    "end": 1676995581396,
    "duration": 0,
    "pid": 17868,
    "index": 22
  },
  {
    "name": "Require(19) config/config.default.js",
    "start": 1676995581398,
    "end": 1676995581398,
    "duration": 0,
    "pid": 17868,
    "index": 23
  },
  {
    "name": "Require(20) node_modules/egg-security/config/config.local.js",
    "start": 1676995581399,
    "end": 1676995581400,
    "duration": 1,
    "pid": 17868,
    "index": 24
  },
  {
    "name": "Require(21) node_modules/egg-watcher/config/config.local.js",
    "start": 1676995581401,
    "end": 1676995581401,
    "duration": 0,
    "pid": 17868,
    "index": 25
  },
  {
    "name": "Require(22) node_modules/egg-view/config/config.local.js",
    "start": 1676995581402,
    "end": 1676995581402,
    "duration": 0,
    "pid": 17868,
    "index": 26
  },
  {
    "name": "Require(23) node_modules/egg/config/config.local.js",
    "start": 1676995581404,
    "end": 1676995581405,
    "duration": 1,
    "pid": 17868,
    "index": 27
  },
  {
    "name": "Load extend/application.js",
    "start": 1676995581406,
    "end": 1676995581462,
    "duration": 56,
    "pid": 17868,
    "index": 28
  },
  {
    "name": "Require(24) node_modules/egg-session/app/extend/application.js",
    "start": 1676995581407,
    "end": 1676995581407,
    "duration": 0,
    "pid": 17868,
    "index": 29
  },
  {
    "name": "Require(25) node_modules/egg-security/app/extend/application.js",
    "start": 1676995581407,
    "end": 1676995581409,
    "duration": 2,
    "pid": 17868,
    "index": 30
  },
  {
    "name": "Require(26) node_modules/egg-jsonp/app/extend/application.js",
    "start": 1676995581409,
    "end": 1676995581411,
    "duration": 2,
    "pid": 17868,
    "index": 31
  },
  {
    "name": "Require(27) node_modules/egg-schedule/app/extend/application.js",
    "start": 1676995581413,
    "end": 1676995581415,
    "duration": 2,
    "pid": 17868,
    "index": 32
  },
  {
    "name": "Require(28) node_modules/egg-logrotator/app/extend/application.js",
    "start": 1676995581416,
    "end": 1676995581417,
    "duration": 1,
    "pid": 17868,
    "index": 33
  },
  {
    "name": "Require(29) node_modules/egg-view/app/extend/application.js",
    "start": 1676995581418,
    "end": 1676995581420,
    "duration": 2,
    "pid": 17868,
    "index": 34
  },
  {
    "name": "Require(30) node_modules/egg-jwt/app/extend/application.js",
    "start": 1676995581421,
    "end": 1676995581457,
    "duration": 36,
    "pid": 17868,
    "index": 35
  },
  {
    "name": "Load extend/request.js",
    "start": 1676995581462,
    "end": 1676995581470,
    "duration": 8,
    "pid": 17868,
    "index": 36
  },
  {
    "name": "Require(31) node_modules/egg/app/extend/request.js",
    "start": 1676995581465,
    "end": 1676995581466,
    "duration": 1,
    "pid": 17868,
    "index": 37
  },
  {
    "name": "Load extend/response.js",
    "start": 1676995581470,
    "end": 1676995581480,
    "duration": 10,
    "pid": 17868,
    "index": 38
  },
  {
    "name": "Require(32) node_modules/egg/app/extend/response.js",
    "start": 1676995581475,
    "end": 1676995581476,
    "duration": 1,
    "pid": 17868,
    "index": 39
  },
  {
    "name": "Load extend/context.js",
    "start": 1676995581480,
    "end": 1676995581529,
    "duration": 49,
    "pid": 17868,
    "index": 40
  },
  {
    "name": "Require(33) node_modules/egg-security/app/extend/context.js",
    "start": 1676995581481,
    "end": 1676995581492,
    "duration": 11,
    "pid": 17868,
    "index": 41
  },
  {
    "name": "Require(34) node_modules/egg-jsonp/app/extend/context.js",
    "start": 1676995581492,
    "end": 1676995581494,
    "duration": 2,
    "pid": 17868,
    "index": 42
  },
  {
    "name": "Require(35) node_modules/egg-i18n/app/extend/context.js",
    "start": 1676995581494,
    "end": 1676995581495,
    "duration": 1,
    "pid": 17868,
    "index": 43
  },
  {
    "name": "Require(36) node_modules/egg-multipart/app/extend/context.js",
    "start": 1676995581496,
    "end": 1676995581515,
    "duration": 19,
    "pid": 17868,
    "index": 44
  },
  {
    "name": "Require(37) node_modules/egg-view/app/extend/context.js",
    "start": 1676995581517,
    "end": 1676995581518,
    "duration": 1,
    "pid": 17868,
    "index": 45
  },
  {
    "name": "Require(38) node_modules/egg-validate/app/extend/context.js",
    "start": 1676995581519,
    "end": 1676995581519,
    "duration": 0,
    "pid": 17868,
    "index": 46
  },
  {
    "name": "Require(39) node_modules/egg-swagger-docs/app/extend/context.js",
    "start": 1676995581520,
    "end": 1676995581523,
    "duration": 3,
    "pid": 17868,
    "index": 47
  },
  {
    "name": "Require(40) node_modules/egg/app/extend/context.js",
    "start": 1676995581523,
    "end": 1676995581524,
    "duration": 1,
    "pid": 17868,
    "index": 48
  },
  {
    "name": "Load extend/helper.js",
    "start": 1676995581530,
    "end": 1676995581559,
    "duration": 29,
    "pid": 17868,
    "index": 49
  },
  {
    "name": "Require(41) node_modules/egg-security/app/extend/helper.js",
    "start": 1676995581530,
    "end": 1676995581551,
    "duration": 21,
    "pid": 17868,
    "index": 50
  },
  {
    "name": "Require(42) node_modules/egg/app/extend/helper.js",
    "start": 1676995581554,
    "end": 1676995581555,
    "duration": 1,
    "pid": 17868,
    "index": 51
  },
  {
    "name": "Load app.js",
    "start": 1676995581559,
    "end": 1676995581644,
    "duration": 85,
    "pid": 17868,
    "index": 52
  },
  {
    "name": "Require(43) node_modules/egg-session/app.js",
    "start": 1676995581560,
    "end": 1676995581560,
    "duration": 0,
    "pid": 17868,
    "index": 53
  },
  {
    "name": "Require(44) node_modules/egg-security/app.js",
    "start": 1676995581561,
    "end": 1676995581562,
    "duration": 1,
    "pid": 17868,
    "index": 54
  },
  {
    "name": "Require(45) node_modules/egg-onerror/app.js",
    "start": 1676995581563,
    "end": 1676995581574,
    "duration": 11,
    "pid": 17868,
    "index": 55
  },
  {
    "name": "Require(46) node_modules/egg-i18n/app.js",
    "start": 1676995581575,
    "end": 1676995581603,
    "duration": 28,
    "pid": 17868,
    "index": 56
  },
  {
    "name": "Require(47) node_modules/egg-watcher/app.js",
    "start": 1676995581604,
    "end": 1676995581608,
    "duration": 4,
    "pid": 17868,
    "index": 57
  },
  {
    "name": "Require(48) node_modules/egg-schedule/app.js",
    "start": 1676995581608,
    "end": 1676995581609,
    "duration": 1,
    "pid": 17868,
    "index": 58
  },
  {
    "name": "Require(49) node_modules/egg-multipart/app.js",
    "start": 1676995581609,
    "end": 1676995581610,
    "duration": 1,
    "pid": 17868,
    "index": 59
  },
  {
    "name": "Require(50) node_modules/egg-development/app.js",
    "start": 1676995581611,
    "end": 1676995581611,
    "duration": 0,
    "pid": 17868,
    "index": 60
  },
  {
    "name": "Require(51) node_modules/egg-logrotator/app.js",
    "start": 1676995581612,
    "end": 1676995581612,
    "duration": 0,
    "pid": 17868,
    "index": 61
  },
  {
    "name": "Require(52) node_modules/egg-static/app.js",
    "start": 1676995581612,
    "end": 1676995581613,
    "duration": 1,
    "pid": 17868,
    "index": 62
  },
  {
    "name": "Require(53) node_modules/egg-mysql/app.js",
    "start": 1676995581613,
    "end": 1676995581624,
    "duration": 11,
    "pid": 17868,
    "index": 63
  },
  {
    "name": "Require(54) node_modules/egg-cors/app.js",
    "start": 1676995581624,
    "end": 1676995581625,
    "duration": 1,
    "pid": 17868,
    "index": 64
  },
  {
    "name": "Require(55) node_modules/egg-validate/app.js",
    "start": 1676995581625,
    "end": 1676995581627,
    "duration": 2,
    "pid": 17868,
    "index": 65
  },
  {
    "name": "Require(56) node_modules/egg-jwt/app.js",
    "start": 1676995581627,
    "end": 1676995581628,
    "duration": 1,
    "pid": 17868,
    "index": 66
  },
  {
    "name": "Require(57) node_modules/egg-swagger-docs/app.js",
    "start": 1676995581628,
    "end": 1676995581644,
    "duration": 16,
    "pid": 17868,
    "index": 67
  },
  {
    "name": "Before Start in node_modules/egg-watcher/lib/init.js:15:14",
    "start": 1676995581658,
    "end": 1676995581949,
    "duration": 291,
    "pid": 17868,
    "index": 68
  },
  {
    "name": "Before Start in node_modules/egg-mysql/lib/mysql.js:14:7",
    "start": 1676995581781,
    "end": 1676995582200,
    "duration": 419,
    "pid": 17868,
    "index": 69
  },
  {
    "name": "Before Start in node_modules/egg-swagger-docs/app.js:6:7",
    "start": 1676995581782,
    "end": 1676995581935,
    "duration": 153,
    "pid": 17868,
    "index": 70
  },
  {
    "name": "Load Service",
    "start": 1676995581782,
    "end": 1676995581797,
    "duration": 15,
    "pid": 17868,
    "index": 71
  },
  {
    "name": "Load \"service\" to Context",
    "start": 1676995581782,
    "end": 1676995581797,
    "duration": 15,
    "pid": 17868,
    "index": 72
  },
  {
    "name": "Load Middleware",
    "start": 1676995581797,
    "end": 1676995581886,
    "duration": 89,
    "pid": 17868,
    "index": 73
  },
  {
    "name": "Load \"middlewares\" to Application",
    "start": 1676995581797,
    "end": 1676995581878,
    "duration": 81,
    "pid": 17868,
    "index": 74
  },
  {
    "name": "Load Controller",
    "start": 1676995581886,
    "end": 1676995581890,
    "duration": 4,
    "pid": 17868,
    "index": 75
  },
  {
    "name": "Load \"controller\" to Application",
    "start": 1676995581886,
    "end": 1676995581890,
    "duration": 4,
    "pid": 17868,
    "index": 76
  },
  {
    "name": "Load Router",
    "start": 1676995581890,
    "end": 1676995581893,
    "duration": 3,
    "pid": 17868,
    "index": 77
  },
  {
    "name": "Require(58) app/router.js",
    "start": 1676995581891,
    "end": 1676995581891,
    "duration": 0,
    "pid": 17868,
    "index": 78
  },
  {
    "name": "Before Start in node_modules/egg-core/lib/egg.js:304:10",
    "start": 1676995581891,
    "end": 1676995581935,
    "duration": 44,
    "pid": 17868,
    "index": 79
  }
]