[
  {
    "name": "Process Start",
    "start": 1676995874316,
    "end": 1676995875279,
    "duration": 963,
    "pid": 10336,
    "index": 0
  },
  {
    "name": "Application Start",
    "start": 1676995875281,
    "end": 1676995880385,
    "duration": 5104,
    "pid": 10336,
    "index": 1
  },
  {
    "name": "Load Plugin",
    "start": 1676995875286,
    "end": 1676995875310,
    "duration": 24,
    "pid": 10336,
    "index": 2
  },
  {
    "name": "Load Config",
    "start": 1676995875310,
    "end": 1676995875339,
    "duration": 29,
    "pid": 10336,
    "index": 3
  },
  {
    "name": "Require(0) config/config.default.js",
    "start": 1676995875311,
    "end": 1676995875311,
    "duration": 0,
    "pid": 10336,
    "index": 4
  },
  {
    "name": "Require(1) node_modules/egg-session/config/config.default.js",
    "start": 1676995875312,
    "end": 1676995875313,
    "duration": 1,
    "pid": 10336,
    "index": 5
  },
  {
    "name": "Require(2) node_modules/egg-security/config/config.default.js",
    "start": 1676995875313,
    "end": 1676995875314,
    "duration": 1,
    "pid": 10336,
    "index": 6
  },
  {
    "name": "Require(3) node_modules/egg-jsonp/config/config.default.js",
    "start": 1676995875315,
    "end": 1676995875316,
    "duration": 1,
    "pid": 10336,
    "index": 7
  },
  {
    "name": "Require(4) node_modules/egg-onerror/config/config.default.js",
    "start": 1676995875316,
    "end": 1676995875316,
    "duration": 0,
    "pid": 10336,
    "index": 8
  },
  {
    "name": "Require(5) node_modules/egg-i18n/config/config.default.js",
    "start": 1676995875317,
    "end": 1676995875317,
    "duration": 0,
    "pid": 10336,
    "index": 9
  },
  {
    "name": "Require(6) node_modules/egg-watcher/config/config.default.js",
    "start": 1676995875318,
    "end": 1676995875318,
    "duration": 0,
    "pid": 10336,
    "index": 10
  },
  {
    "name": "Require(7) node_modules/egg-schedule/config/config.default.js",
    "start": 1676995875318,
    "end": 1676995875319,
    "duration": 1,
    "pid": 10336,
    "index": 11
  },
  {
    "name": "Require(8) node_modules/egg-multipart/config/config.default.js",
    "start": 1676995875319,
    "end": 1676995875319,
    "duration": 0,
    "pid": 10336,
    "index": 12
  },
  {
    "name": "Require(9) node_modules/egg-development/config/config.default.js",
    "start": 1676995875320,
    "end": 1676995875321,
    "duration": 1,
    "pid": 10336,
    "index": 13
  },
  {
    "name": "Require(10) node_modules/egg-logrotator/config/config.default.js",
    "start": 1676995875321,
    "end": 1676995875322,
    "duration": 1,
    "pid": 10336,
    "index": 14
  },
  {
    "name": "Require(11) node_modules/egg-static/config/config.default.js",
    "start": 1676995875322,
    "end": 1676995875323,
    "duration": 1,
    "pid": 10336,
    "index": 15
  },
  {
    "name": "Require(12) node_modules/egg-view/config/config.default.js",
    "start": 1676995875324,
    "end": 1676995875324,
    "duration": 0,
    "pid": 10336,
    "index": 16
  },
  {
    "name": "Require(13) node_modules/egg-mysql/config/config.default.js",
    "start": 1676995875326,
    "end": 1676995875326,
    "duration": 0,
    "pid": 10336,
    "index": 17
  },
  {
    "name": "Require(14) node_modules/egg-cors/config/config.default.js",
    "start": 1676995875327,
    "end": 1676995875327,
    "duration": 0,
    "pid": 10336,
    "index": 18
  },
  {
    "name": "Require(15) node_modules/egg-validate/config/config.default.js",
    "start": 1676995875328,
    "end": 1676995875329,
    "duration": 1,
    "pid": 10336,
    "index": 19
  },
  {
    "name": "Require(16) node_modules/egg-jwt/config/config.default.js",
    "start": 1676995875330,
    "end": 1676995875330,
    "duration": 0,
    "pid": 10336,
    "index": 20
  },
  {
    "name": "Require(17) node_modules/egg-swagger-docs/config/config.default.js",
    "start": 1676995875330,
    "end": 1676995875331,
    "duration": 1,
    "pid": 10336,
    "index": 21
  },
  {
    "name": "Require(18) node_modules/egg/config/config.default.js",
    "start": 1676995875331,
    "end": 1676995875332,
    "duration": 1,
    "pid": 10336,
    "index": 22
  },
  {
    "name": "Require(19) config/config.default.js",
    "start": 1676995875333,
    "end": 1676995875333,
    "duration": 0,
    "pid": 10336,
    "index": 23
  },
  {
    "name": "Require(20) node_modules/egg-security/config/config.local.js",
    "start": 1676995875334,
    "end": 1676995875334,
    "duration": 0,
    "pid": 10336,
    "index": 24
  },
  {
    "name": "Require(21) node_modules/egg-watcher/config/config.local.js",
    "start": 1676995875335,
    "end": 1676995875336,
    "duration": 1,
    "pid": 10336,
    "index": 25
  },
  {
    "name": "Require(22) node_modules/egg-view/config/config.local.js",
    "start": 1676995875337,
    "end": 1676995875337,
    "duration": 0,
    "pid": 10336,
    "index": 26
  },
  {
    "name": "Require(23) node_modules/egg/config/config.local.js",
    "start": 1676995875339,
    "end": 1676995875339,
    "duration": 0,
    "pid": 10336,
    "index": 27
  },
  {
    "name": "Load extend/application.js",
    "start": 1676995875340,
    "end": 1676995875396,
    "duration": 56,
    "pid": 10336,
    "index": 28
  },
  {
    "name": "Require(24) node_modules/egg-session/app/extend/application.js",
    "start": 1676995875341,
    "end": 1676995875341,
    "duration": 0,
    "pid": 10336,
    "index": 29
  },
  {
    "name": "Require(25) node_modules/egg-security/app/extend/application.js",
    "start": 1676995875342,
    "end": 1676995875343,
    "duration": 1,
    "pid": 10336,
    "index": 30
  },
  {
    "name": "Require(26) node_modules/egg-jsonp/app/extend/application.js",
    "start": 1676995875344,
    "end": 1676995875346,
    "duration": 2,
    "pid": 10336,
    "index": 31
  },
  {
    "name": "Require(27) node_modules/egg-schedule/app/extend/application.js",
    "start": 1676995875347,
    "end": 1676995875349,
    "duration": 2,
    "pid": 10336,
    "index": 32
  },
  {
    "name": "Require(28) node_modules/egg-logrotator/app/extend/application.js",
    "start": 1676995875350,
    "end": 1676995875352,
    "duration": 2,
    "pid": 10336,
    "index": 33
  },
  {
    "name": "Require(29) node_modules/egg-view/app/extend/application.js",
    "start": 1676995875353,
    "end": 1676995875354,
    "duration": 1,
    "pid": 10336,
    "index": 34
  },
  {
    "name": "Require(30) node_modules/egg-jwt/app/extend/application.js",
    "start": 1676995875355,
    "end": 1676995875392,
    "duration": 37,
    "pid": 10336,
    "index": 35
  },
  {
    "name": "Load extend/request.js",
    "start": 1676995875396,
    "end": 1676995875405,
    "duration": 9,
    "pid": 10336,
    "index": 36
  },
  {
    "name": "Require(31) node_modules/egg/app/extend/request.js",
    "start": 1676995875400,
    "end": 1676995875401,
    "duration": 1,
    "pid": 10336,
    "index": 37
  },
  {
    "name": "Load extend/response.js",
    "start": 1676995875405,
    "end": 1676995875414,
    "duration": 9,
    "pid": 10336,
    "index": 38
  },
  {
    "name": "Require(32) node_modules/egg/app/extend/response.js",
    "start": 1676995875409,
    "end": 1676995875410,
    "duration": 1,
    "pid": 10336,
    "index": 39
  },
  {
    "name": "Load extend/context.js",
    "start": 1676995875414,
    "end": 1676995875457,
    "duration": 43,
    "pid": 10336,
    "index": 40
  },
  {
    "name": "Require(33) node_modules/egg-security/app/extend/context.js",
    "start": 1676995875415,
    "end": 1676995875425,
    "duration": 10,
    "pid": 10336,
    "index": 41
  },
  {
    "name": "Require(34) node_modules/egg-jsonp/app/extend/context.js",
    "start": 1676995875425,
    "end": 1676995875427,
    "duration": 2,
    "pid": 10336,
    "index": 42
  },
  {
    "name": "Require(35) node_modules/egg-i18n/app/extend/context.js",
    "start": 1676995875428,
    "end": 1676995875428,
    "duration": 0,
    "pid": 10336,
    "index": 43
  },
  {
    "name": "Require(36) node_modules/egg-multipart/app/extend/context.js",
    "start": 1676995875429,
    "end": 1676995875445,
    "duration": 16,
    "pid": 10336,
    "index": 44
  },
  {
    "name": "Require(37) node_modules/egg-view/app/extend/context.js",
    "start": 1676995875447,
    "end": 1676995875447,
    "duration": 0,
    "pid": 10336,
    "index": 45
  },
  {
    "name": "Require(38) node_modules/egg-validate/app/extend/context.js",
    "start": 1676995875448,
    "end": 1676995875449,
    "duration": 1,
    "pid": 10336,
    "index": 46
  },
  {
    "name": "Require(39) node_modules/egg-swagger-docs/app/extend/context.js",
    "start": 1676995875449,
    "end": 1676995875451,
    "duration": 2,
    "pid": 10336,
    "index": 47
  },
  {
    "name": "Require(40) node_modules/egg/app/extend/context.js",
    "start": 1676995875452,
    "end": 1676995875453,
    "duration": 1,
    "pid": 10336,
    "index": 48
  },
  {
    "name": "Load extend/helper.js",
    "start": 1676995875457,
    "end": 1676995875481,
    "duration": 24,
    "pid": 10336,
    "index": 49
  },
  {
    "name": "Require(41) node_modules/egg-security/app/extend/helper.js",
    "start": 1676995875458,
    "end": 1676995875474,
    "duration": 16,
    "pid": 10336,
    "index": 50
  },
  {
    "name": "Require(42) node_modules/egg/app/extend/helper.js",
    "start": 1676995875477,
    "end": 1676995875477,
    "duration": 0,
    "pid": 10336,
    "index": 51
  },
  {
    "name": "Load app.js",
    "start": 1676995875481,
    "end": 1676995875542,
    "duration": 61,
    "pid": 10336,
    "index": 52
  },
  {
    "name": "Require(43) node_modules/egg-session/app.js",
    "start": 1676995875481,
    "end": 1676995875482,
    "duration": 1,
    "pid": 10336,
    "index": 53
  },
  {
    "name": "Require(44) node_modules/egg-security/app.js",
    "start": 1676995875482,
    "end": 1676995875483,
    "duration": 1,
    "pid": 10336,
    "index": 54
  },
  {
    "name": "Require(45) node_modules/egg-onerror/app.js",
    "start": 1676995875484,
    "end": 1676995875491,
    "duration": 7,
    "pid": 10336,
    "index": 55
  },
  {
    "name": "Require(46) node_modules/egg-i18n/app.js",
    "start": 1676995875492,
    "end": 1676995875507,
    "duration": 15,
    "pid": 10336,
    "index": 56
  },
  {
    "name": "Require(47) node_modules/egg-watcher/app.js",
    "start": 1676995875507,
    "end": 1676995875511,
    "duration": 4,
    "pid": 10336,
    "index": 57
  },
  {
    "name": "Require(48) node_modules/egg-schedule/app.js",
    "start": 1676995875511,
    "end": 1676995875512,
    "duration": 1,
    "pid": 10336,
    "index": 58
  },
  {
    "name": "Require(49) node_modules/egg-multipart/app.js",
    "start": 1676995875512,
    "end": 1676995875513,
    "duration": 1,
    "pid": 10336,
    "index": 59
  },
  {
    "name": "Require(50) node_modules/egg-development/app.js",
    "start": 1676995875514,
    "end": 1676995875514,
    "duration": 0,
    "pid": 10336,
    "index": 60
  },
  {
    "name": "Require(51) node_modules/egg-logrotator/app.js",
    "start": 1676995875514,
    "end": 1676995875515,
    "duration": 1,
    "pid": 10336,
    "index": 61
  },
  {
    "name": "Require(52) node_modules/egg-static/app.js",
    "start": 1676995875515,
    "end": 1676995875515,
    "duration": 0,
    "pid": 10336,
    "index": 62
  },
  {
    "name": "Require(53) node_modules/egg-mysql/app.js",
    "start": 1676995875516,
    "end": 1676995875525,
    "duration": 9,
    "pid": 10336,
    "index": 63
  },
  {
    "name": "Require(54) node_modules/egg-cors/app.js",
    "start": 1676995875525,
    "end": 1676995875526,
    "duration": 1,
    "pid": 10336,
    "index": 64
  },
  {
    "name": "Require(55) node_modules/egg-validate/app.js",
    "start": 1676995875526,
    "end": 1676995875527,
    "duration": 1,
    "pid": 10336,
    "index": 65
  },
  {
    "name": "Require(56) node_modules/egg-jwt/app.js",
    "start": 1676995875528,
    "end": 1676995875528,
    "duration": 0,
    "pid": 10336,
    "index": 66
  },
  {
    "name": "Require(57) node_modules/egg-swagger-docs/app.js",
    "start": 1676995875528,
    "end": 1676995875541,
    "duration": 13,
    "pid": 10336,
    "index": 67
  },
  {
    "name": "Before Start in node_modules/egg-watcher/lib/init.js:15:14",
    "start": 1676995875555,
    "end": 1676995875816,
    "duration": 261,
    "pid": 10336,
    "index": 68
  },
  {
    "name": "Before Start in node_modules/egg-mysql/lib/mysql.js:14:7",
    "start": 1676995875651,
    "end": 1676995880383,
    "duration": 4732,
    "pid": 10336,
    "index": 69
  },
  {
    "name": "Before Start in node_modules/egg-swagger-docs/app.js:6:7",
    "start": 1676995875651,
    "end": 1676995875804,
    "duration": 153,
    "pid": 10336,
    "index": 70
  },
  {
    "name": "Load Service",
    "start": 1676995875651,
    "end": 1676995875662,
    "duration": 11,
    "pid": 10336,
    "index": 71
  },
  {
    "name": "Load \"service\" to Context",
    "start": 1676995875652,
    "end": 1676995875662,
    "duration": 10,
    "pid": 10336,
    "index": 72
  },
  {
    "name": "Load Middleware",
    "start": 1676995875662,
    "end": 1676995875757,
    "duration": 95,
    "pid": 10336,
    "index": 73
  },
  {
    "name": "Load \"middlewares\" to Application",
    "start": 1676995875662,
    "end": 1676995875749,
    "duration": 87,
    "pid": 10336,
    "index": 74
  },
  {
    "name": "Load Controller",
    "start": 1676995875757,
    "end": 1676995875761,
    "duration": 4,
    "pid": 10336,
    "index": 75
  },
  {
    "name": "Load \"controller\" to Application",
    "start": 1676995875757,
    "end": 1676995875761,
    "duration": 4,
    "pid": 10336,
    "index": 76
  },
  {
    "name": "Load Router",
    "start": 1676995875761,
    "end": 1676995875764,
    "duration": 3,
    "pid": 10336,
    "index": 77
  },
  {
    "name": "Require(58) app/router.js",
    "start": 1676995875762,
    "end": 1676995875762,
    "duration": 0,
    "pid": 10336,
    "index": 78
  },
  {
    "name": "Before Start in node_modules/egg-core/lib/egg.js:304:10",
    "start": 1676995875762,
    "end": 1676995875804,
    "duration": 42,
    "pid": 10336,
    "index": 79
  }
]