[
  {
    "name": "Process Start",
    "start": 1676996114119,
    "end": 1676996115065,
    "duration": 946,
    "pid": 8336,
    "index": 0
  },
  {
    "name": "Application Start",
    "start": 1676996115065,
    "end": 1676996122158,
    "duration": 7093,
    "pid": 8336,
    "index": 1
  },
  {
    "name": "Load Plugin",
    "start": 1676996115071,
    "end": 1676996115089,
    "duration": 18,
    "pid": 8336,
    "index": 2
  },
  {
    "name": "Load Config",
    "start": 1676996115089,
    "end": 1676996115114,
    "duration": 25,
    "pid": 8336,
    "index": 3
  },
  {
    "name": "Require(0) config/config.default.js",
    "start": 1676996115090,
    "end": 1676996115091,
    "duration": 1,
    "pid": 8336,
    "index": 4
  },
  {
    "name": "Require(1) node_modules/egg-session/config/config.default.js",
    "start": 1676996115092,
    "end": 1676996115092,
    "duration": 0,
    "pid": 8336,
    "index": 5
  },
  {
    "name": "Require(2) node_modules/egg-security/config/config.default.js",
    "start": 1676996115093,
    "end": 1676996115093,
    "duration": 0,
    "pid": 8336,
    "index": 6
  },
  {
    "name": "Require(3) node_modules/egg-jsonp/config/config.default.js",
    "start": 1676996115094,
    "end": 1676996115094,
    "duration": 0,
    "pid": 8336,
    "index": 7
  },
  {
    "name": "Require(4) node_modules/egg-onerror/config/config.default.js",
    "start": 1676996115095,
    "end": 1676996115095,
    "duration": 0,
    "pid": 8336,
    "index": 8
  },
  {
    "name": "Require(5) node_modules/egg-i18n/config/config.default.js",
    "start": 1676996115096,
    "end": 1676996115096,
    "duration": 0,
    "pid": 8336,
    "index": 9
  },
  {
    "name": "Require(6) node_modules/egg-watcher/config/config.default.js",
    "start": 1676996115096,
    "end": 1676996115097,
    "duration": 1,
    "pid": 8336,
    "index": 10
  },
  {
    "name": "Require(7) node_modules/egg-schedule/config/config.default.js",
    "start": 1676996115097,
    "end": 1676996115098,
    "duration": 1,
    "pid": 8336,
    "index": 11
  },
  {
    "name": "Require(8) node_modules/egg-multipart/config/config.default.js",
    "start": 1676996115098,
    "end": 1676996115098,
    "duration": 0,
    "pid": 8336,
    "index": 12
  },
  {
    "name": "Require(9) node_modules/egg-development/config/config.default.js",
    "start": 1676996115099,
    "end": 1676996115099,
    "duration": 0,
    "pid": 8336,
    "index": 13
  },
  {
    "name": "Require(10) node_modules/egg-logrotator/config/config.default.js",
    "start": 1676996115100,
    "end": 1676996115100,
    "duration": 0,
    "pid": 8336,
    "index": 14
  },
  {
    "name": "Require(11) node_modules/egg-static/config/config.default.js",
    "start": 1676996115100,
    "end": 1676996115101,
    "duration": 1,
    "pid": 8336,
    "index": 15
  },
  {
    "name": "Require(12) node_modules/egg-view/config/config.default.js",
    "start": 1676996115101,
    "end": 1676996115101,
    "duration": 0,
    "pid": 8336,
    "index": 16
  },
  {
    "name": "Require(13) node_modules/egg-mysql/config/config.default.js",
    "start": 1676996115103,
    "end": 1676996115104,
    "duration": 1,
    "pid": 8336,
    "index": 17
  },
  {
    "name": "Require(14) node_modules/egg-cors/config/config.default.js",
    "start": 1676996115104,
    "end": 1676996115105,
    "duration": 1,
    "pid": 8336,
    "index": 18
  },
  {
    "name": "Require(15) node_modules/egg-validate/config/config.default.js",
    "start": 1676996115105,
    "end": 1676996115105,
    "duration": 0,
    "pid": 8336,
    "index": 19
  },
  {
    "name": "Require(16) node_modules/egg-jwt/config/config.default.js",
    "start": 1676996115106,
    "end": 1676996115106,
    "duration": 0,
    "pid": 8336,
    "index": 20
  },
  {
    "name": "Require(17) node_modules/egg-swagger-docs/config/config.default.js",
    "start": 1676996115106,
    "end": 1676996115107,
    "duration": 1,
    "pid": 8336,
    "index": 21
  },
  {
    "name": "Require(18) node_modules/egg/config/config.default.js",
    "start": 1676996115107,
    "end": 1676996115107,
    "duration": 0,
    "pid": 8336,
    "index": 22
  },
  {
    "name": "Require(19) config/config.default.js",
    "start": 1676996115108,
    "end": 1676996115108,
    "duration": 0,
    "pid": 8336,
    "index": 23
  },
  {
    "name": "Require(20) node_modules/egg-security/config/config.local.js",
    "start": 1676996115109,
    "end": 1676996115109,
    "duration": 0,
    "pid": 8336,
    "index": 24
  },
  {
    "name": "Require(21) node_modules/egg-watcher/config/config.local.js",
    "start": 1676996115110,
    "end": 1676996115111,
    "duration": 1,
    "pid": 8336,
    "index": 25
  },
  {
    "name": "Require(22) node_modules/egg-view/config/config.local.js",
    "start": 1676996115112,
    "end": 1676996115112,
    "duration": 0,
    "pid": 8336,
    "index": 26
  },
  {
    "name": "Require(23) node_modules/egg/config/config.local.js",
    "start": 1676996115114,
    "end": 1676996115114,
    "duration": 0,
    "pid": 8336,
    "index": 27
  },
  {
    "name": "Load extend/application.js",
    "start": 1676996115115,
    "end": 1676996115182,
    "duration": 67,
    "pid": 8336,
    "index": 28
  },
  {
    "name": "Require(24) node_modules/egg-session/app/extend/application.js",
    "start": 1676996115115,
    "end": 1676996115116,
    "duration": 1,
    "pid": 8336,
    "index": 29
  },
  {
    "name": "Require(25) node_modules/egg-security/app/extend/application.js",
    "start": 1676996115116,
    "end": 1676996115117,
    "duration": 1,
    "pid": 8336,
    "index": 30
  },
  {
    "name": "Require(26) node_modules/egg-jsonp/app/extend/application.js",
    "start": 1676996115118,
    "end": 1676996115120,
    "duration": 2,
    "pid": 8336,
    "index": 31
  },
  {
    "name": "Require(27) node_modules/egg-schedule/app/extend/application.js",
    "start": 1676996115121,
    "end": 1676996115123,
    "duration": 2,
    "pid": 8336,
    "index": 32
  },
  {
    "name": "Require(28) node_modules/egg-logrotator/app/extend/application.js",
    "start": 1676996115124,
    "end": 1676996115125,
    "duration": 1,
    "pid": 8336,
    "index": 33
  },
  {
    "name": "Require(29) node_modules/egg-view/app/extend/application.js",
    "start": 1676996115126,
    "end": 1676996115127,
    "duration": 1,
    "pid": 8336,
    "index": 34
  },
  {
    "name": "Require(30) node_modules/egg-jwt/app/extend/application.js",
    "start": 1676996115128,
    "end": 1676996115173,
    "duration": 45,
    "pid": 8336,
    "index": 35
  },
  {
    "name": "Load extend/request.js",
    "start": 1676996115182,
    "end": 1676996115190,
    "duration": 8,
    "pid": 8336,
    "index": 36
  },
  {
    "name": "Require(31) node_modules/egg/app/extend/request.js",
    "start": 1676996115186,
    "end": 1676996115186,
    "duration": 0,
    "pid": 8336,
    "index": 37
  },
  {
    "name": "Load extend/response.js",
    "start": 1676996115190,
    "end": 1676996115198,
    "duration": 8,
    "pid": 8336,
    "index": 38
  },
  {
    "name": "Require(32) node_modules/egg/app/extend/response.js",
    "start": 1676996115193,
    "end": 1676996115195,
    "duration": 2,
    "pid": 8336,
    "index": 39
  },
  {
    "name": "Load extend/context.js",
    "start": 1676996115198,
    "end": 1676996115237,
    "duration": 39,
    "pid": 8336,
    "index": 40
  },
  {
    "name": "Require(33) node_modules/egg-security/app/extend/context.js",
    "start": 1676996115199,
    "end": 1676996115207,
    "duration": 8,
    "pid": 8336,
    "index": 41
  },
  {
    "name": "Require(34) node_modules/egg-jsonp/app/extend/context.js",
    "start": 1676996115207,
    "end": 1676996115209,
    "duration": 2,
    "pid": 8336,
    "index": 42
  },
  {
    "name": "Require(35) node_modules/egg-i18n/app/extend/context.js",
    "start": 1676996115209,
    "end": 1676996115210,
    "duration": 1,
    "pid": 8336,
    "index": 43
  },
  {
    "name": "Require(36) node_modules/egg-multipart/app/extend/context.js",
    "start": 1676996115211,
    "end": 1676996115226,
    "duration": 15,
    "pid": 8336,
    "index": 44
  },
  {
    "name": "Require(37) node_modules/egg-view/app/extend/context.js",
    "start": 1676996115227,
    "end": 1676996115228,
    "duration": 1,
    "pid": 8336,
    "index": 45
  },
  {
    "name": "Require(38) node_modules/egg-validate/app/extend/context.js",
    "start": 1676996115228,
    "end": 1676996115229,
    "duration": 1,
    "pid": 8336,
    "index": 46
  },
  {
    "name": "Require(39) node_modules/egg-swagger-docs/app/extend/context.js",
    "start": 1676996115229,
    "end": 1676996115231,
    "duration": 2,
    "pid": 8336,
    "index": 47
  },
  {
    "name": "Require(40) node_modules/egg/app/extend/context.js",
    "start": 1676996115232,
    "end": 1676996115232,
    "duration": 0,
    "pid": 8336,
    "index": 48
  },
  {
    "name": "Load extend/helper.js",
    "start": 1676996115237,
    "end": 1676996115260,
    "duration": 23,
    "pid": 8336,
    "index": 49
  },
  {
    "name": "Require(41) node_modules/egg-security/app/extend/helper.js",
    "start": 1676996115237,
    "end": 1676996115252,
    "duration": 15,
    "pid": 8336,
    "index": 50
  },
  {
    "name": "Require(42) node_modules/egg/app/extend/helper.js",
    "start": 1676996115255,
    "end": 1676996115255,
    "duration": 0,
    "pid": 8336,
    "index": 51
  },
  {
    "name": "Load app.js",
    "start": 1676996115260,
    "end": 1676996115317,
    "duration": 57,
    "pid": 8336,
    "index": 52
  },
  {
    "name": "Require(43) node_modules/egg-session/app.js",
    "start": 1676996115261,
    "end": 1676996115261,
    "duration": 0,
    "pid": 8336,
    "index": 53
  },
  {
    "name": "Require(44) node_modules/egg-security/app.js",
    "start": 1676996115261,
    "end": 1676996115263,
    "duration": 2,
    "pid": 8336,
    "index": 54
  },
  {
    "name": "Require(45) node_modules/egg-onerror/app.js",
    "start": 1676996115263,
    "end": 1676996115271,
    "duration": 8,
    "pid": 8336,
    "index": 55
  },
  {
    "name": "Require(46) node_modules/egg-i18n/app.js",
    "start": 1676996115271,
    "end": 1676996115285,
    "duration": 14,
    "pid": 8336,
    "index": 56
  },
  {
    "name": "Require(47) node_modules/egg-watcher/app.js",
    "start": 1676996115285,
    "end": 1676996115288,
    "duration": 3,
    "pid": 8336,
    "index": 57
  },
  {
    "name": "Require(48) node_modules/egg-schedule/app.js",
    "start": 1676996115288,
    "end": 1676996115289,
    "duration": 1,
    "pid": 8336,
    "index": 58
  },
  {
    "name": "Require(49) node_modules/egg-multipart/app.js",
    "start": 1676996115289,
    "end": 1676996115290,
    "duration": 1,
    "pid": 8336,
    "index": 59
  },
  {
    "name": "Require(50) node_modules/egg-development/app.js",
    "start": 1676996115291,
    "end": 1676996115291,
    "duration": 0,
    "pid": 8336,
    "index": 60
  },
  {
    "name": "Require(51) node_modules/egg-logrotator/app.js",
    "start": 1676996115291,
    "end": 1676996115291,
    "duration": 0,
    "pid": 8336,
    "index": 61
  },
  {
    "name": "Require(52) node_modules/egg-static/app.js",
    "start": 1676996115292,
    "end": 1676996115292,
    "duration": 0,
    "pid": 8336,
    "index": 62
  },
  {
    "name": "Require(53) node_modules/egg-mysql/app.js",
    "start": 1676996115292,
    "end": 1676996115301,
    "duration": 9,
    "pid": 8336,
    "index": 63
  },
  {
    "name": "Require(54) node_modules/egg-cors/app.js",
    "start": 1676996115301,
    "end": 1676996115302,
    "duration": 1,
    "pid": 8336,
    "index": 64
  },
  {
    "name": "Require(55) node_modules/egg-validate/app.js",
    "start": 1676996115302,
    "end": 1676996115303,
    "duration": 1,
    "pid": 8336,
    "index": 65
  },
  {
    "name": "Require(56) node_modules/egg-jwt/app.js",
    "start": 1676996115304,
    "end": 1676996115304,
    "duration": 0,
    "pid": 8336,
    "index": 66
  },
  {
    "name": "Require(57) node_modules/egg-swagger-docs/app.js",
    "start": 1676996115304,
    "end": 1676996115316,
    "duration": 12,
    "pid": 8336,
    "index": 67
  },
  {
    "name": "Before Start in node_modules/egg-watcher/lib/init.js:15:14",
    "start": 1676996115329,
    "end": 1676996115562,
    "duration": 233,
    "pid": 8336,
    "index": 68
  },
  {
    "name": "Before Start in node_modules/egg-mysql/lib/mysql.js:14:7",
    "start": 1676996115420,
    "end": 1676996122156,
    "duration": 6736,
    "pid": 8336,
    "index": 69
  },
  {
    "name": "Before Start in node_modules/egg-swagger-docs/app.js:6:7",
    "start": 1676996115420,
    "end": 1676996115552,
    "duration": 132,
    "pid": 8336,
    "index": 70
  },
  {
    "name": "Load Service",
    "start": 1676996115421,
    "end": 1676996115430,
    "duration": 9,
    "pid": 8336,
    "index": 71
  },
  {
    "name": "Load \"service\" to Context",
    "start": 1676996115421,
    "end": 1676996115430,
    "duration": 9,
    "pid": 8336,
    "index": 72
  },
  {
    "name": "Load Middleware",
    "start": 1676996115430,
    "end": 1676996115507,
    "duration": 77,
    "pid": 8336,
    "index": 73
  },
  {
    "name": "Load \"middlewares\" to Application",
    "start": 1676996115430,
    "end": 1676996115500,
    "duration": 70,
    "pid": 8336,
    "index": 74
  },
  {
    "name": "Load Controller",
    "start": 1676996115507,
    "end": 1676996115511,
    "duration": 4,
    "pid": 8336,
    "index": 75
  },
  {
    "name": "Load \"controller\" to Application",
    "start": 1676996115507,
    "end": 1676996115511,
    "duration": 4,
    "pid": 8336,
    "index": 76
  },
  {
    "name": "Load Router",
    "start": 1676996115511,
    "end": 1676996115513,
    "duration": 2,
    "pid": 8336,
    "index": 77
  },
  {
    "name": "Require(58) app/router.js",
    "start": 1676996115512,
    "end": 1676996115512,
    "duration": 0,
    "pid": 8336,
    "index": 78
  },
  {
    "name": "Before Start in node_modules/egg-core/lib/egg.js:304:10",
    "start": 1676996115512,
    "end": 1676996115552,
    "duration": 40,
    "pid": 8336,
    "index": 79
  }
]