[
  {
    "name": "Process Start",
    "start": 1676995640703,
    "end": 1676995641619,
    "duration": 916,
    "pid": 13160,
    "index": 0
  },
  {
    "name": "Application Start",
    "start": 1676995641620,
    "end": 1676995643364,
    "duration": 1744,
    "pid": 13160,
    "index": 1
  },
  {
    "name": "Load Plugin",
    "start": 1676995641625,
    "end": 1676995641644,
    "duration": 19,
    "pid": 13160,
    "index": 2
  },
  {
    "name": "Load Config",
    "start": 1676995641644,
    "end": 1676995641671,
    "duration": 27,
    "pid": 13160,
    "index": 3
  },
  {
    "name": "Require(0) config/config.default.js",
    "start": 1676995641644,
    "end": 1676995641645,
    "duration": 1,
    "pid": 13160,
    "index": 4
  },
  {
    "name": "Require(1) node_modules/egg-session/config/config.default.js",
    "start": 1676995641646,
    "end": 1676995641647,
    "duration": 1,
    "pid": 13160,
    "index": 5
  },
  {
    "name": "Require(2) node_modules/egg-security/config/config.default.js",
    "start": 1676995641647,
    "end": 1676995641647,
    "duration": 0,
    "pid": 13160,
    "index": 6
  },
  {
    "name": "Require(3) node_modules/egg-jsonp/config/config.default.js",
    "start": 1676995641649,
    "end": 1676995641649,
    "duration": 0,
    "pid": 13160,
    "index": 7
  },
  {
    "name": "Require(4) node_modules/egg-onerror/config/config.default.js",
    "start": 1676995641650,
    "end": 1676995641650,
    "duration": 0,
    "pid": 13160,
    "index": 8
  },
  {
    "name": "Require(5) node_modules/egg-i18n/config/config.default.js",
    "start": 1676995641651,
    "end": 1676995641651,
    "duration": 0,
    "pid": 13160,
    "index": 9
  },
  {
    "name": "Require(6) node_modules/egg-watcher/config/config.default.js",
    "start": 1676995641652,
    "end": 1676995641652,
    "duration": 0,
    "pid": 13160,
    "index": 10
  },
  {
    "name": "Require(7) node_modules/egg-schedule/config/config.default.js",
    "start": 1676995641652,
    "end": 1676995641653,
    "duration": 1,
    "pid": 13160,
    "index": 11
  },
  {
    "name": "Require(8) node_modules/egg-multipart/config/config.default.js",
    "start": 1676995641653,
    "end": 1676995641654,
    "duration": 1,
    "pid": 13160,
    "index": 12
  },
  {
    "name": "Require(9) node_modules/egg-development/config/config.default.js",
    "start": 1676995641654,
    "end": 1676995641655,
    "duration": 1,
    "pid": 13160,
    "index": 13
  },
  {
    "name": "Require(10) node_modules/egg-logrotator/config/config.default.js",
    "start": 1676995641655,
    "end": 1676995641656,
    "duration": 1,
    "pid": 13160,
    "index": 14
  },
  {
    "name": "Require(11) node_modules/egg-static/config/config.default.js",
    "start": 1676995641656,
    "end": 1676995641657,
    "duration": 1,
    "pid": 13160,
    "index": 15
  },
  {
    "name": "Require(12) node_modules/egg-view/config/config.default.js",
    "start": 1676995641657,
    "end": 1676995641657,
    "duration": 0,
    "pid": 13160,
    "index": 16
  },
  {
    "name": "Require(13) node_modules/egg-mysql/config/config.default.js",
    "start": 1676995641659,
    "end": 1676995641660,
    "duration": 1,
    "pid": 13160,
    "index": 17
  },
  {
    "name": "Require(14) node_modules/egg-cors/config/config.default.js",
    "start": 1676995641660,
    "end": 1676995641660,
    "duration": 0,
    "pid": 13160,
    "index": 18
  },
  {
    "name": "Require(15) node_modules/egg-validate/config/config.default.js",
    "start": 1676995641661,
    "end": 1676995641661,
    "duration": 0,
    "pid": 13160,
    "index": 19
  },
  {
    "name": "Require(16) node_modules/egg-jwt/config/config.default.js",
    "start": 1676995641662,
    "end": 1676995641662,
    "duration": 0,
    "pid": 13160,
    "index": 20
  },
  {
    "name": "Require(17) node_modules/egg-swagger-docs/config/config.default.js",
    "start": 1676995641662,
    "end": 1676995641663,
    "duration": 1,
    "pid": 13160,
    "index": 21
  },
  {
    "name": "Require(18) node_modules/egg/config/config.default.js",
    "start": 1676995641663,
    "end": 1676995641663,
    "duration": 0,
    "pid": 13160,
    "index": 22
  },
  {
    "name": "Require(19) config/config.default.js",
    "start": 1676995641664,
    "end": 1676995641664,
    "duration": 0,
    "pid": 13160,
    "index": 23
  },
  {
    "name": "Require(20) node_modules/egg-security/config/config.local.js",
    "start": 1676995641665,
    "end": 1676995641666,
    "duration": 1,
    "pid": 13160,
    "index": 24
  },
  {
    "name": "Require(21) node_modules/egg-watcher/config/config.local.js",
    "start": 1676995641666,
    "end": 1676995641667,
    "duration": 1,
    "pid": 13160,
    "index": 25
  },
  {
    "name": "Require(22) node_modules/egg-view/config/config.local.js",
    "start": 1676995641668,
    "end": 1676995641669,
    "duration": 1,
    "pid": 13160,
    "index": 26
  },
  {
    "name": "Require(23) node_modules/egg/config/config.local.js",
    "start": 1676995641671,
    "end": 1676995641671,
    "duration": 0,
    "pid": 13160,
    "index": 27
  },
  {
    "name": "Load extend/application.js",
    "start": 1676995641673,
    "end": 1676995641720,
    "duration": 47,
    "pid": 13160,
    "index": 28
  },
  {
    "name": "Require(24) node_modules/egg-session/app/extend/application.js",
    "start": 1676995641673,
    "end": 1676995641674,
    "duration": 1,
    "pid": 13160,
    "index": 29
  },
  {
    "name": "Require(25) node_modules/egg-security/app/extend/application.js",
    "start": 1676995641674,
    "end": 1676995641675,
    "duration": 1,
    "pid": 13160,
    "index": 30
  },
  {
    "name": "Require(26) node_modules/egg-jsonp/app/extend/application.js",
    "start": 1676995641676,
    "end": 1676995641678,
    "duration": 2,
    "pid": 13160,
    "index": 31
  },
  {
    "name": "Require(27) node_modules/egg-schedule/app/extend/application.js",
    "start": 1676995641679,
    "end": 1676995641680,
    "duration": 1,
    "pid": 13160,
    "index": 32
  },
  {
    "name": "Require(28) node_modules/egg-logrotator/app/extend/application.js",
    "start": 1676995641681,
    "end": 1676995641683,
    "duration": 2,
    "pid": 13160,
    "index": 33
  },
  {
    "name": "Require(29) node_modules/egg-view/app/extend/application.js",
    "start": 1676995641684,
    "end": 1676995641685,
    "duration": 1,
    "pid": 13160,
    "index": 34
  },
  {
    "name": "Require(30) node_modules/egg-jwt/app/extend/application.js",
    "start": 1676995641686,
    "end": 1676995641716,
    "duration": 30,
    "pid": 13160,
    "index": 35
  },
  {
    "name": "Load extend/request.js",
    "start": 1676995641721,
    "end": 1676995641728,
    "duration": 7,
    "pid": 13160,
    "index": 36
  },
  {
    "name": "Require(31) node_modules/egg/app/extend/request.js",
    "start": 1676995641724,
    "end": 1676995641725,
    "duration": 1,
    "pid": 13160,
    "index": 37
  },
  {
    "name": "Load extend/response.js",
    "start": 1676995641728,
    "end": 1676995641737,
    "duration": 9,
    "pid": 13160,
    "index": 38
  },
  {
    "name": "Require(32) node_modules/egg/app/extend/response.js",
    "start": 1676995641732,
    "end": 1676995641733,
    "duration": 1,
    "pid": 13160,
    "index": 39
  },
  {
    "name": "Load extend/context.js",
    "start": 1676995641737,
    "end": 1676995641775,
    "duration": 38,
    "pid": 13160,
    "index": 40
  },
  {
    "name": "Require(33) node_modules/egg-security/app/extend/context.js",
    "start": 1676995641737,
    "end": 1676995641745,
    "duration": 8,
    "pid": 13160,
    "index": 41
  },
  {
    "name": "Require(34) node_modules/egg-jsonp/app/extend/context.js",
    "start": 1676995641746,
    "end": 1676995641747,
    "duration": 1,
    "pid": 13160,
    "index": 42
  },
  {
    "name": "Require(35) node_modules/egg-i18n/app/extend/context.js",
    "start": 1676995641747,
    "end": 1676995641748,
    "duration": 1,
    "pid": 13160,
    "index": 43
  },
  {
    "name": "Require(36) node_modules/egg-multipart/app/extend/context.js",
    "start": 1676995641749,
    "end": 1676995641764,
    "duration": 15,
    "pid": 13160,
    "index": 44
  },
  {
    "name": "Require(37) node_modules/egg-view/app/extend/context.js",
    "start": 1676995641765,
    "end": 1676995641766,
    "duration": 1,
    "pid": 13160,
    "index": 45
  },
  {
    "name": "Require(38) node_modules/egg-validate/app/extend/context.js",
    "start": 1676995641767,
    "end": 1676995641767,
    "duration": 0,
    "pid": 13160,
    "index": 46
  },
  {
    "name": "Require(39) node_modules/egg-swagger-docs/app/extend/context.js",
    "start": 1676995641768,
    "end": 1676995641769,
    "duration": 1,
    "pid": 13160,
    "index": 47
  },
  {
    "name": "Require(40) node_modules/egg/app/extend/context.js",
    "start": 1676995641770,
    "end": 1676995641770,
    "duration": 0,
    "pid": 13160,
    "index": 48
  },
  {
    "name": "Load extend/helper.js",
    "start": 1676995641775,
    "end": 1676995641797,
    "duration": 22,
    "pid": 13160,
    "index": 49
  },
  {
    "name": "Require(41) node_modules/egg-security/app/extend/helper.js",
    "start": 1676995641775,
    "end": 1676995641790,
    "duration": 15,
    "pid": 13160,
    "index": 50
  },
  {
    "name": "Require(42) node_modules/egg/app/extend/helper.js",
    "start": 1676995641793,
    "end": 1676995641794,
    "duration": 1,
    "pid": 13160,
    "index": 51
  },
  {
    "name": "Load app.js",
    "start": 1676995641798,
    "end": 1676995641855,
    "duration": 57,
    "pid": 13160,
    "index": 52
  },
  {
    "name": "Require(43) node_modules/egg-session/app.js",
    "start": 1676995641798,
    "end": 1676995641798,
    "duration": 0,
    "pid": 13160,
    "index": 53
  },
  {
    "name": "Require(44) node_modules/egg-security/app.js",
    "start": 1676995641798,
    "end": 1676995641800,
    "duration": 2,
    "pid": 13160,
    "index": 54
  },
  {
    "name": "Require(45) node_modules/egg-onerror/app.js",
    "start": 1676995641800,
    "end": 1676995641809,
    "duration": 9,
    "pid": 13160,
    "index": 55
  },
  {
    "name": "Require(46) node_modules/egg-i18n/app.js",
    "start": 1676995641809,
    "end": 1676995641821,
    "duration": 12,
    "pid": 13160,
    "index": 56
  },
  {
    "name": "Require(47) node_modules/egg-watcher/app.js",
    "start": 1676995641821,
    "end": 1676995641824,
    "duration": 3,
    "pid": 13160,
    "index": 57
  },
  {
    "name": "Require(48) node_modules/egg-schedule/app.js",
    "start": 1676995641824,
    "end": 1676995641825,
    "duration": 1,
    "pid": 13160,
    "index": 58
  },
  {
    "name": "Require(49) node_modules/egg-multipart/app.js",
    "start": 1676995641825,
    "end": 1676995641826,
    "duration": 1,
    "pid": 13160,
    "index": 59
  },
  {
    "name": "Require(50) node_modules/egg-development/app.js",
    "start": 1676995641826,
    "end": 1676995641827,
    "duration": 1,
    "pid": 13160,
    "index": 60
  },
  {
    "name": "Require(51) node_modules/egg-logrotator/app.js",
    "start": 1676995641827,
    "end": 1676995641827,
    "duration": 0,
    "pid": 13160,
    "index": 61
  },
  {
    "name": "Require(52) node_modules/egg-static/app.js",
    "start": 1676995641828,
    "end": 1676995641828,
    "duration": 0,
    "pid": 13160,
    "index": 62
  },
  {
    "name": "Require(53) node_modules/egg-mysql/app.js",
    "start": 1676995641828,
    "end": 1676995641836,
    "duration": 8,
    "pid": 13160,
    "index": 63
  },
  {
    "name": "Require(54) node_modules/egg-cors/app.js",
    "start": 1676995641837,
    "end": 1676995641837,
    "duration": 0,
    "pid": 13160,
    "index": 64
  },
  {
    "name": "Require(55) node_modules/egg-validate/app.js",
    "start": 1676995641837,
    "end": 1676995641838,
    "duration": 1,
    "pid": 13160,
    "index": 65
  },
  {
    "name": "Require(56) node_modules/egg-jwt/app.js",
    "start": 1676995641839,
    "end": 1676995641839,
    "duration": 0,
    "pid": 13160,
    "index": 66
  },
  {
    "name": "Require(57) node_modules/egg-swagger-docs/app.js",
    "start": 1676995641839,
    "end": 1676995641853,
    "duration": 14,
    "pid": 13160,
    "index": 67
  },
  {
    "name": "Before Start in node_modules/egg-watcher/lib/init.js:15:14",
    "start": 1676995641871,
    "end": 1676995642137,
    "duration": 266,
    "pid": 13160,
    "index": 68
  },
  {
    "name": "Before Start in node_modules/egg-mysql/lib/mysql.js:14:7",
    "start": 1676995641986,
    "end": 1676995643364,
    "duration": 1378,
    "pid": 13160,
    "index": 69
  },
  {
    "name": "Before Start in node_modules/egg-swagger-docs/app.js:6:7",
    "start": 1676995641986,
    "end": 1676995642125,
    "duration": 139,
    "pid": 13160,
    "index": 70
  },
  {
    "name": "Load Service",
    "start": 1676995641987,
    "end": 1676995641997,
    "duration": 10,
    "pid": 13160,
    "index": 71
  },
  {
    "name": "Load \"service\" to Context",
    "start": 1676995641987,
    "end": 1676995641997,
    "duration": 10,
    "pid": 13160,
    "index": 72
  },
  {
    "name": "Load Middleware",
    "start": 1676995641997,
    "end": 1676995642076,
    "duration": 79,
    "pid": 13160,
    "index": 73
  },
  {
    "name": "Load \"middlewares\" to Application",
    "start": 1676995641997,
    "end": 1676995642068,
    "duration": 71,
    "pid": 13160,
    "index": 74
  },
  {
    "name": "Load Controller",
    "start": 1676995642076,
    "end": 1676995642080,
    "duration": 4,
    "pid": 13160,
    "index": 75
  },
  {
    "name": "Load \"controller\" to Application",
    "start": 1676995642076,
    "end": 1676995642080,
    "duration": 4,
    "pid": 13160,
    "index": 76
  },
  {
    "name": "Load Router",
    "start": 1676995642080,
    "end": 1676995642083,
    "duration": 3,
    "pid": 13160,
    "index": 77
  },
  {
    "name": "Require(58) app/router.js",
    "start": 1676995642081,
    "end": 1676995642081,
    "duration": 0,
    "pid": 13160,
    "index": 78
  },
  {
    "name": "Before Start in node_modules/egg-core/lib/egg.js:304:10",
    "start": 1676995642081,
    "end": 1676995642125,
    "duration": 44,
    "pid": 13160,
    "index": 79
  }
]