[
  {
    "name": null,
    "methods": [
      "HEAD",
      "GET"
    ],
    "paramNames": [],
    "path": "/",
    "regexp": "/^(?:\\/(?=$))?$/",
    "stack": [
      "wrappedController"
    ]
  },
  {
    "name": null,
    "methods": [
      "POST"
    ],
    "paramNames": [],
    "path": "/user/login",
    "regexp": "/^\\/user\\/login(?:\\/(?=$))?$/",
    "stack": [
      "wrappedController"
    ]
  },
  {
    "name": null,
    "methods": [
      "HEAD",
      "GET"
    ],
    "paramNames": [],
    "path": "/user/findAll",
    "regexp": "/^\\/user\\/findAll(?:\\/(?=$))?$/",
    "stack": [
      "middleware",
      "wrappedController"
    ]
  },
  {
    "name": null,
    "methods": [
      "HEAD",
      "GET"
    ],
    "paramNames": [],
    "path": "/user/findUserById",
    "regexp": "/^\\/user\\/findUserById(?:\\/(?=$))?$/",
    "stack": [
      "middleware",
      "wrappedController"
    ]
  },
  {
    "name": null,
    "methods": [
      "HEAD",
      "GET"
    ],
    "paramNames": [],
    "path": "/list/findAll",
    "regexp": "/^\\/list\\/findAll(?:\\/(?=$))?$/",
    "stack": [
      "middleware",
      "wrappedController"
    ]
  },
  {
    "name": null,
    "methods": [
      "HEAD",
      "GET"
    ],
    "paramNames": [],
    "path": "/list/findListById",
    "regexp": "/^\\/list\\/findListById(?:\\/(?=$))?$/",
    "stack": [
      "middleware",
      "wrappedController"
    ]
  },
  {
    "name": null,
    "methods": [
      "POST"
    ],
    "paramNames": [],
    "path": "/list/saveOrUpdateList",
    "regexp": "/^\\/list\\/saveOrUpdateList(?:\\/(?=$))?$/",
    "stack": [
      "middleware",
      "wrappedController"
    ]
  },
  {
    "name": null,
    "methods": [
      "HEAD",
      "GET"
    ],
    "paramNames": [],
    "path": "/swagger-doc",
    "regexp": "/^\\/swagger-doc(?:\\/(?=$))?$/",
    "stack": [
      "wrappedController"
    ]
  }
]